label,Facelandmark_pts,Head_yaw,Head_pitch,Head_roll
000_1_1.pts,68,None,None,None
000_1_2.pts,68,None,None,None
000_2_1.pts,68,None,None,None
000_2_2.pts,68,None,None,None
000_3_1.pts,68,None,None,None
000_3_2.pts,68,None,None,None
000_4_1.pts,68,None,None,None
000_4_2.pts,68,None,None,None
001_1_1.pts,68,None,None,None
001_1_2.pts,68,None,None,None
001_2_1.pts,68,None,None,None
001_2_2.pts,68,None,None,None
001_3_1.pts,68,None,None,None
001_3_2.pts,68,None,None,None
001_4_1.pts,68,None,None,None
001_4_2.pts,68,None,None,None
002_1_1.pts,68,None,None,None
002_1_2.pts,68,None,None,None
002_2_1.pts,68,None,None,None
002_2_2.pts,68,None,None,None
002_3_1.pts,68,None,None,None
002_3_2.pts,68,None,None,None
002_4_1.pts,68,None,None,None
002_4_2.pts,68,None,None,None
003_1_1.pts,68,None,None,None
003_1_2.pts,68,None,None,None
003_2_1.pts,68,None,None,None
003_2_2.pts,68,None,None,None
003_3_1.pts,68,None,None,None
003_3_2.pts,68,None,None,None
003_4_1.pts,68,None,None,None
003_4_2.pts,68,None,None,None
004_1_1.pts,68,None,None,None
004_1_2.pts,68,None,None,None
004_2_1.pts,68,None,None,None
004_2_2.pts,68,None,None,None
004_3_1.pts,68,None,None,None
004_3_2.pts,68,None,None,None
004_4_1.pts,68,None,None,None
004_4_2.pts,68,None,None,None
005_1_1.pts,68,None,None,None
005_1_2.pts,68,None,None,None
005_2_1.pts,68,None,None,None
005_2_2.pts,68,None,None,None
005_3_1.pts,68,None,None,None
005_3_2.pts,68,None,None,None
005_4_1.pts,68,None,None,None
005_4_2.pts,68,None,None,None
006_1_1.pts,68,None,None,None
006_1_2.pts,68,None,None,None
006_2_1.pts,68,None,None,None
006_2_2.pts,68,None,None,None
006_3_1.pts,68,None,None,None
006_3_2.pts,68,None,None,None
006_4_1.pts,68,None,None,None
006_4_2.pts,68,None,None,None
007_1_1.pts,68,None,None,None
007_1_2.pts,68,None,None,None
007_2_1.pts,68,None,None,None
007_2_2.pts,68,None,None,None
007_3_1.pts,68,None,None,None
007_3_2.pts,68,None,None,None
007_4_1.pts,68,None,None,None
007_4_2.pts,68,None,None,None
008_1_1.pts,68,None,None,None
008_1_2.pts,68,None,None,None
008_2_1.pts,68,None,None,None
008_2_2.pts,68,None,None,None
008_3_1.pts,68,None,None,None
008_3_2.pts,68,None,None,None
008_4_1.pts,68,None,None,None
008_4_2.pts,68,None,None,None
009_1_1.pts,68,None,None,None
009_1_2.pts,68,None,None,None
009_2_1.pts,68,None,None,None
009_2_2.pts,68,None,None,None
009_3_1.pts,68,None,None,None
009_3_2.pts,68,None,None,None
009_4_1.pts,68,None,None,None
009_4_2.pts,68,None,None,None
010_1_1.pts,68,None,None,None
010_1_2.pts,68,None,None,None
010_2_1.pts,68,None,None,None
010_2_2.pts,68,None,None,None
010_3_1.pts,68,None,None,None
010_3_2.pts,68,None,None,None
010_4_1.pts,68,None,None,None
010_4_2.pts,68,None,None,None
011_1_1.pts,68,None,None,None
011_1_2.pts,68,None,None,None
011_2_1.pts,68,None,None,None
011_2_2.pts,68,None,None,None
011_3_1.pts,68,None,None,None
011_3_2.pts,68,None,None,None
011_4_1.pts,68,None,None,None
011_4_2.pts,68,None,None,None
012_1_1.pts,68,None,None,None
012_1_2.pts,68,None,None,None
012_2_1.pts,68,None,None,None
012_2_2.pts,68,None,None,None
012_3_1.pts,68,None,None,None
012_3_2.pts,68,None,None,None
012_4_1.pts,68,None,None,None
012_4_2.pts,68,None,None,None
013_1_1.pts,68,None,None,None
013_1_2.pts,68,None,None,None
013_2_1.pts,68,None,None,None
013_2_2.pts,68,None,None,None
013_3_1.pts,68,None,None,None
013_3_2.pts,68,None,None,None
013_4_1.pts,68,None,None,None
013_4_2.pts,68,None,None,None
016_1_1.pts,68,None,None,None
016_1_2.pts,68,None,None,None
016_2_1.pts,68,None,None,None
016_2_2.pts,68,None,None,None
016_3_1.pts,68,None,None,None
016_3_2.pts,68,None,None,None
016_4_1.pts,68,None,None,None
016_4_2.pts,68,None,None,None
017_1_1.pts,68,None,None,None
017_1_2.pts,68,None,None,None
017_2_1.pts,68,None,None,None
017_2_2.pts,68,None,None,None
017_3_1.pts,68,None,None,None
017_3_2.pts,68,None,None,None
017_4_1.pts,68,None,None,None
017_4_2.pts,68,None,None,None
018_1_1.pts,68,None,None,None
018_1_2.pts,68,None,None,None
018_2_1.pts,68,None,None,None
018_2_2.pts,68,None,None,None
018_3_1.pts,68,None,None,None
018_3_2.pts,68,None,None,None
018_4_1.pts,68,None,None,None
018_4_2.pts,68,None,None,None
019_1_1.pts,68,None,None,None
019_1_2.pts,68,None,None,None
019_2_1.pts,68,None,None,None
019_2_2.pts,68,None,None,None
019_3_1.pts,68,None,None,None
019_3_2.pts,68,None,None,None
019_4_1.pts,68,None,None,None
019_4_2.pts,68,None,None,None
020_1_1.pts,68,None,None,None
020_1_2.pts,68,None,None,None
020_2_1.pts,68,None,None,None
020_2_2.pts,68,None,None,None
020_3_1.pts,68,None,None,None
020_3_2.pts,68,None,None,None
020_4_1.pts,68,None,None,None
020_4_2.pts,68,None,None,None
021_1_1.pts,68,None,None,None
021_1_2.pts,68,None,None,None
021_2_1.pts,68,None,None,None
021_2_2.pts,68,None,None,None
021_3_1.pts,68,None,None,None
021_3_2.pts,68,None,None,None
021_4_1.pts,68,None,None,None
021_4_2.pts,68,None,None,None
022_1_1.pts,68,None,None,None
022_1_2.pts,68,None,None,None
022_2_1.pts,68,None,None,None
022_2_2.pts,68,None,None,None
022_3_1.pts,68,None,None,None
022_3_2.pts,68,None,None,None
022_4_1.pts,68,None,None,None
022_4_2.pts,68,None,None,None
023_1_1.pts,68,None,None,None
023_1_2.pts,68,None,None,None
023_2_1.pts,68,None,None,None
023_2_2.pts,68,None,None,None
023_3_1.pts,68,None,None,None
023_3_2.pts,68,None,None,None
023_4_1.pts,68,None,None,None
023_4_2.pts,68,None,None,None
024_1_1.pts,68,None,None,None
024_1_2.pts,68,None,None,None
024_2_1.pts,68,None,None,None
024_2_2.pts,68,None,None,None
024_3_1.pts,68,None,None,None
024_3_2.pts,68,None,None,None
024_4_1.pts,68,None,None,None
024_4_2.pts,68,None,None,None
025_1_1.pts,68,None,None,None
025_1_2.pts,68,None,None,None
025_2_1.pts,68,None,None,None
025_2_2.pts,68,None,None,None
025_3_1.pts,68,None,None,None
025_3_2.pts,68,None,None,None
025_4_1.pts,68,None,None,None
025_4_2.pts,68,None,None,None
026_1_1.pts,68,None,None,None
026_1_2.pts,68,None,None,None
026_2_1.pts,68,None,None,None
026_2_2.pts,68,None,None,None
026_3_1.pts,68,None,None,None
026_3_2.pts,68,None,None,None
026_4_1.pts,68,None,None,None
026_4_2.pts,68,None,None,None
027_1_1.pts,68,None,None,None
027_1_2.pts,68,None,None,None
027_2_1.pts,68,None,None,None
027_2_2.pts,68,None,None,None
027_3_1.pts,68,None,None,None
027_3_2.pts,68,None,None,None
027_4_1.pts,68,None,None,None
027_4_2.pts,68,None,None,None
028_1_1.pts,68,None,None,None
028_1_2.pts,68,None,None,None
028_2_1.pts,68,None,None,None
028_2_2.pts,68,None,None,None
028_3_1.pts,68,None,None,None
028_3_2.pts,68,None,None,None
028_4_1.pts,68,None,None,None
028_4_2.pts,68,None,None,None
029_1_1.pts,68,None,None,None
029_1_2.pts,68,None,None,None
029_2_1.pts,68,None,None,None
029_2_2.pts,68,None,None,None
029_3_1.pts,68,None,None,None
029_3_2.pts,68,None,None,None
029_4_1.pts,68,None,None,None
029_4_2.pts,68,None,None,None
030_1_1.pts,68,None,None,None
030_1_2.pts,68,None,None,None
030_2_1.pts,68,None,None,None
030_2_2.pts,68,None,None,None
030_3_1.pts,68,None,None,None
030_3_2.pts,68,None,None,None
030_4_1.pts,68,None,None,None
030_4_2.pts,68,None,None,None
031_1_1.pts,68,None,None,None
031_1_2.pts,68,None,None,None
031_2_1.pts,68,None,None,None
031_2_2.pts,68,None,None,None
031_3_1.pts,68,None,None,None
031_3_2.pts,68,None,None,None
031_4_1.pts,68,None,None,None
031_4_2.pts,68,None,None,None
032_1_1.pts,68,None,None,None
032_1_2.pts,68,None,None,None
032_2_1.pts,68,None,None,None
032_2_2.pts,68,None,None,None
032_3_1.pts,68,None,None,None
032_3_2.pts,68,None,None,None
032_4_1.pts,68,None,None,None
032_4_2.pts,68,None,None,None
033_1_1.pts,68,None,None,None
033_1_2.pts,68,None,None,None
033_2_1.pts,68,None,None,None
033_2_2.pts,68,None,None,None
033_3_1.pts,68,None,None,None
033_3_2.pts,68,None,None,None
033_4_1.pts,68,None,None,None
033_4_2.pts,68,None,None,None
034_1_1.pts,68,None,None,None
034_1_2.pts,68,None,None,None
034_2_1.pts,68,None,None,None
034_2_2.pts,68,None,None,None
034_3_1.pts,68,None,None,None
034_3_2.pts,68,None,None,None
034_4_1.pts,68,None,None,None
034_4_2.pts,68,None,None,None
035_1_1.pts,68,None,None,None
035_1_2.pts,68,None,None,None
035_2_1.pts,68,None,None,None
035_2_2.pts,68,None,None,None
035_3_1.pts,68,None,None,None
035_3_2.pts,68,None,None,None
035_4_1.pts,68,None,None,None
035_4_2.pts,68,None,None,None
036_1_1.pts,68,None,None,None
036_1_2.pts,68,None,None,None
036_2_1.pts,68,None,None,None
036_2_2.pts,68,None,None,None
036_3_1.pts,68,None,None,None
036_3_2.pts,68,None,None,None
036_4_1.pts,68,None,None,None
036_4_2.pts,68,None,None,None
037_1_1.pts,68,None,None,None
037_1_2.pts,68,None,None,None
037_2_1.pts,68,None,None,None
037_2_2.pts,68,None,None,None
037_3_1.pts,68,None,None,None
037_3_2.pts,68,None,None,None
037_4_1.pts,68,None,None,None
037_4_2.pts,68,None,None,None
038_1_1.pts,68,None,None,None
038_1_2.pts,68,None,None,None
038_2_1.pts,68,None,None,None
038_2_2.pts,68,None,None,None
038_3_1.pts,68,None,None,None
038_3_2.pts,68,None,None,None
038_4_1.pts,68,None,None,None
038_4_2.pts,68,None,None,None
039_1_1.pts,68,None,None,None
039_1_2.pts,68,None,None,None
039_2_1.pts,68,None,None,None
039_2_2.pts,68,None,None,None
039_3_1.pts,68,None,None,None
039_3_2.pts,68,None,None,None
039_4_1.pts,68,None,None,None
039_4_2.pts,68,None,None,None
040_1_1.pts,68,None,None,None
040_1_2.pts,68,None,None,None
040_2_1.pts,68,None,None,None
040_2_2.pts,68,None,None,None
040_3_1.pts,68,None,None,None
040_3_2.pts,68,None,None,None
040_4_1.pts,68,None,None,None
040_4_2.pts,68,None,None,None
041_1_1.pts,68,None,None,None
041_1_2.pts,68,None,None,None
041_2_1.pts,68,None,None,None
041_2_2.pts,68,None,None,None
041_3_1.pts,68,None,None,None
041_3_2.pts,68,None,None,None
041_4_1.pts,68,None,None,None
041_4_2.pts,68,None,None,None
042_1_1.pts,68,None,None,None
042_1_2.pts,68,None,None,None
042_2_1.pts,68,None,None,None
042_2_2.pts,68,None,None,None
042_3_1.pts,68,None,None,None
042_3_2.pts,68,None,None,None
042_4_1.pts,68,None,None,None
042_4_2.pts,68,None,None,None
043_1_1.pts,68,None,None,None
043_1_2.pts,68,None,None,None
043_2_1.pts,68,None,None,None
043_2_2.pts,68,None,None,None
043_3_1.pts,68,None,None,None
043_3_2.pts,68,None,None,None
043_4_1.pts,68,None,None,None
043_4_2.pts,68,None,None,None
044_1_1.pts,68,None,None,None
044_1_2.pts,68,None,None,None
044_2_1.pts,68,None,None,None
044_2_2.pts,68,None,None,None
044_3_1.pts,68,None,None,None
044_3_2.pts,68,None,None,None
044_4_1.pts,68,None,None,None
044_4_2.pts,68,None,None,None
045_1_1.pts,68,None,None,None
045_1_2.pts,68,None,None,None
045_2_1.pts,68,None,None,None
045_2_2.pts,68,None,None,None
045_3_1.pts,68,None,None,None
045_3_2.pts,68,None,None,None
045_4_1.pts,68,None,None,None
045_4_2.pts,68,None,None,None
046_1_1.pts,68,None,None,None
046_1_2.pts,68,None,None,None
046_2_1.pts,68,None,None,None
046_2_2.pts,68,None,None,None
046_3_1.pts,68,None,None,None
046_3_2.pts,68,None,None,None
046_4_1.pts,68,None,None,None
046_4_2.pts,68,None,None,None
047_1_1.pts,68,None,None,None
047_1_2.pts,68,None,None,None
047_2_1.pts,68,None,None,None
047_2_2.pts,68,None,None,None
047_3_1.pts,68,None,None,None
047_3_2.pts,68,None,None,None
047_4_1.pts,68,None,None,None
047_4_2.pts,68,None,None,None
048_1_1.pts,68,None,None,None
048_1_2.pts,68,None,None,None
048_2_1.pts,68,None,None,None
048_2_2.pts,68,None,None,None
048_3_1.pts,68,None,None,None
048_3_2.pts,68,None,None,None
048_4_1.pts,68,None,None,None
048_4_2.pts,68,None,None,None
049_1_1.pts,68,None,None,None
049_1_2.pts,68,None,None,None
049_2_1.pts,68,None,None,None
049_2_2.pts,68,None,None,None
049_3_1.pts,68,None,None,None
049_3_2.pts,68,None,None,None
049_4_1.pts,68,None,None,None
049_4_2.pts,68,None,None,None
050_1_1.pts,68,None,None,None
050_1_2.pts,68,None,None,None
050_2_1.pts,68,None,None,None
050_2_2.pts,68,None,None,None
050_3_1.pts,68,None,None,None
050_3_2.pts,68,None,None,None
050_4_1.pts,68,None,None,None
050_4_2.pts,68,None,None,None
051_1_1.pts,68,None,None,None
051_1_2.pts,68,None,None,None
051_2_1.pts,68,None,None,None
051_2_2.pts,68,None,None,None
051_3_1.pts,68,None,None,None
051_3_2.pts,68,None,None,None
051_4_1.pts,68,None,None,None
051_4_2.pts,68,None,None,None
052_1_1.pts,68,None,None,None
052_1_2.pts,68,None,None,None
052_2_1.pts,68,None,None,None
052_2_2.pts,68,None,None,None
052_3_1.pts,68,None,None,None
052_3_2.pts,68,None,None,None
052_4_1.pts,68,None,None,None
052_4_2.pts,68,None,None,None
053_1_1.pts,68,None,None,None
053_1_2.pts,68,None,None,None
053_2_1.pts,68,None,None,None
053_2_2.pts,68,None,None,None
053_3_1.pts,68,None,None,None
053_3_2.pts,68,None,None,None
053_4_1.pts,68,None,None,None
053_4_2.pts,68,None,None,None
054_1_1.pts,68,None,None,None
054_1_2.pts,68,None,None,None
054_2_1.pts,68,None,None,None
054_2_2.pts,68,None,None,None
054_3_1.pts,68,None,None,None
054_3_2.pts,68,None,None,None
054_4_1.pts,68,None,None,None
054_4_2.pts,68,None,None,None
055_1_1.pts,68,None,None,None
055_1_2.pts,68,None,None,None
055_2_1.pts,68,None,None,None
055_2_2.pts,68,None,None,None
055_3_1.pts,68,None,None,None
055_3_2.pts,68,None,None,None
055_4_1.pts,68,None,None,None
055_4_2.pts,68,None,None,None
056_1_1.pts,68,None,None,None
056_1_2.pts,68,None,None,None
056_2_1.pts,68,None,None,None
056_2_2.pts,68,None,None,None
056_3_1.pts,68,None,None,None
056_3_2.pts,68,None,None,None
056_4_1.pts,68,None,None,None
056_4_2.pts,68,None,None,None
057_1_1.pts,68,None,None,None
057_1_2.pts,68,None,None,None
057_2_1.pts,68,None,None,None
057_2_2.pts,68,None,None,None
057_3_1.pts,68,None,None,None
057_3_2.pts,68,None,None,None
057_4_1.pts,68,None,None,None
057_4_2.pts,68,None,None,None
058_1_1.pts,68,None,None,None
058_1_2.pts,68,None,None,None
058_2_1.pts,68,None,None,None
058_2_2.pts,68,None,None,None
058_3_1.pts,68,None,None,None
058_3_2.pts,68,None,None,None
058_4_1.pts,68,None,None,None
058_4_2.pts,68,None,None,None
059_1_1.pts,68,None,None,None
059_1_2.pts,68,None,None,None
059_2_1.pts,68,None,None,None
059_2_2.pts,68,None,None,None
059_3_1.pts,68,None,None,None
059_3_2.pts,68,None,None,None
059_4_1.pts,68,None,None,None
059_4_2.pts,68,None,None,None
060_1_1.pts,68,None,None,None
060_1_2.pts,68,None,None,None
060_2_1.pts,68,None,None,None
060_2_2.pts,68,None,None,None
060_3_1.pts,68,None,None,None
060_3_2.pts,68,None,None,None
060_4_1.pts,68,None,None,None
060_4_2.pts,68,None,None,None
061_1_1.pts,68,None,None,None
061_1_2.pts,68,None,None,None
061_2_1.pts,68,None,None,None
061_2_2.pts,68,None,None,None
061_3_1.pts,68,None,None,None
061_3_2.pts,68,None,None,None
061_4_1.pts,68,None,None,None
061_4_2.pts,68,None,None,None
062_1_1.pts,68,None,None,None
062_1_2.pts,68,None,None,None
062_2_1.pts,68,None,None,None
062_2_2.pts,68,None,None,None
062_3_1.pts,68,None,None,None
062_3_2.pts,68,None,None,None
062_4_1.pts,68,None,None,None
062_4_2.pts,68,None,None,None
064_1_1.pts,68,None,None,None
064_1_2.pts,68,None,None,None
064_2_1.pts,68,None,None,None
064_2_2.pts,68,None,None,None
064_3_1.pts,68,None,None,None
064_3_2.pts,68,None,None,None
064_4_1.pts,68,None,None,None
064_4_2.pts,68,None,None,None
065_1_1.pts,68,None,None,None
065_1_2.pts,68,None,None,None
065_2_1.pts,68,None,None,None
065_2_2.pts,68,None,None,None
065_3_1.pts,68,None,None,None
065_3_2.pts,68,None,None,None
065_4_1.pts,68,None,None,None
065_4_2.pts,68,None,None,None
066_1_1.pts,68,None,None,None
066_1_2.pts,68,None,None,None
066_2_1.pts,68,None,None,None
066_2_2.pts,68,None,None,None
066_3_1.pts,68,None,None,None
066_3_2.pts,68,None,None,None
066_4_1.pts,68,None,None,None
066_4_2.pts,68,None,None,None
067_1_1.pts,68,None,None,None
067_1_2.pts,68,None,None,None
067_2_1.pts,68,None,None,None
067_2_2.pts,68,None,None,None
067_3_1.pts,68,None,None,None
067_3_2.pts,68,None,None,None
067_4_1.pts,68,None,None,None
067_4_2.pts,68,None,None,None
068_1_1.pts,68,None,None,None
068_1_2.pts,68,None,None,None
068_2_1.pts,68,None,None,None
068_2_2.pts,68,None,None,None
068_3_1.pts,68,None,None,None
068_3_2.pts,68,None,None,None
068_4_1.pts,68,None,None,None
068_4_2.pts,68,None,None,None
069_1_1.pts,68,None,None,None
069_1_2.pts,68,None,None,None
069_2_1.pts,68,None,None,None
069_2_2.pts,68,None,None,None
069_3_1.pts,68,None,None,None
069_3_2.pts,68,None,None,None
069_4_1.pts,68,None,None,None
069_4_2.pts,68,None,None,None
070_1_1.pts,68,None,None,None
070_1_2.pts,68,None,None,None
070_2_1.pts,68,None,None,None
070_2_2.pts,68,None,None,None
070_3_1.pts,68,None,None,None
070_3_2.pts,68,None,None,None
070_4_1.pts,68,None,None,None
070_4_2.pts,68,None,None,None
071_1_1.pts,68,None,None,None
071_1_2.pts,68,None,None,None
071_2_1.pts,68,None,None,None
071_2_2.pts,68,None,None,None
071_3_1.pts,68,None,None,None
071_3_2.pts,68,None,None,None
071_4_1.pts,68,None,None,None
071_4_2.pts,68,None,None,None
072_1_1.pts,68,None,None,None
072_1_2.pts,68,None,None,None
072_2_1.pts,68,None,None,None
072_2_2.pts,68,None,None,None
072_3_1.pts,68,None,None,None
072_3_2.pts,68,None,None,None
072_4_1.pts,68,None,None,None
072_4_2.pts,68,None,None,None
073_1_1.pts,68,None,None,None
073_1_2.pts,68,None,None,None
073_2_1.pts,68,None,None,None
073_2_2.pts,68,None,None,None
073_3_1.pts,68,None,None,None
073_3_2.pts,68,None,None,None
073_4_1.pts,68,None,None,None
073_4_2.pts,68,None,None,None
074_1_1.pts,68,None,None,None
074_1_2.pts,68,None,None,None
074_2_1.pts,68,None,None,None
074_2_2.pts,68,None,None,None
074_3_1.pts,68,None,None,None
074_3_2.pts,68,None,None,None
074_4_1.pts,68,None,None,None
074_4_2.pts,68,None,None,None
075_1_1.pts,68,None,None,None
075_1_2.pts,68,None,None,None
075_2_1.pts,68,None,None,None
075_2_2.pts,68,None,None,None
075_3_1.pts,68,None,None,None
075_3_2.pts,68,None,None,None
075_4_1.pts,68,None,None,None
075_4_2.pts,68,None,None,None
078_1_1.pts,68,None,None,None
078_1_2.pts,68,None,None,None
078_2_1.pts,68,None,None,None
078_2_2.pts,68,None,None,None
078_3_1.pts,68,None,None,None
078_3_2.pts,68,None,None,None
078_4_1.pts,68,None,None,None
078_4_2.pts,68,None,None,None
079_1_1.pts,68,None,None,None
079_1_2.pts,68,None,None,None
079_2_1.pts,68,None,None,None
079_2_2.pts,68,None,None,None
079_3_1.pts,68,None,None,None
079_3_2.pts,68,None,None,None
079_4_1.pts,68,None,None,None
079_4_2.pts,68,None,None,None
080_1_1.pts,68,None,None,None
080_1_2.pts,68,None,None,None
080_2_1.pts,68,None,None,None
080_2_2.pts,68,None,None,None
080_3_1.pts,68,None,None,None
080_3_2.pts,68,None,None,None
080_4_1.pts,68,None,None,None
080_4_2.pts,68,None,None,None
081_1_1.pts,68,None,None,None
081_1_2.pts,68,None,None,None
081_2_1.pts,68,None,None,None
081_2_2.pts,68,None,None,None
081_3_1.pts,68,None,None,None
081_3_2.pts,68,None,None,None
081_4_1.pts,68,None,None,None
081_4_2.pts,68,None,None,None
082_1_1.pts,68,None,None,None
082_1_2.pts,68,None,None,None
082_2_1.pts,68,None,None,None
082_2_2.pts,68,None,None,None
082_3_1.pts,68,None,None,None
082_3_2.pts,68,None,None,None
082_4_1.pts,68,None,None,None
082_4_2.pts,68,None,None,None
083_1_1.pts,68,None,None,None
083_1_2.pts,68,None,None,None
083_2_1.pts,68,None,None,None
083_2_2.pts,68,None,None,None
083_3_1.pts,68,None,None,None
083_3_2.pts,68,None,None,None
083_4_1.pts,68,None,None,None
083_4_2.pts,68,None,None,None
085_1_1.pts,68,None,None,None
085_1_2.pts,68,None,None,None
085_2_1.pts,68,None,None,None
085_2_2.pts,68,None,None,None
085_3_1.pts,68,None,None,None
085_3_2.pts,68,None,None,None
085_4_1.pts,68,None,None,None
085_4_2.pts,68,None,None,None
086_1_1.pts,68,None,None,None
086_1_2.pts,68,None,None,None
086_2_1.pts,68,None,None,None
086_2_2.pts,68,None,None,None
086_3_1.pts,68,None,None,None
086_3_2.pts,68,None,None,None
086_4_1.pts,68,None,None,None
086_4_2.pts,68,None,None,None
087_1_1.pts,68,None,None,None
087_1_2.pts,68,None,None,None
087_2_1.pts,68,None,None,None
087_2_2.pts,68,None,None,None
087_3_1.pts,68,None,None,None
087_3_2.pts,68,None,None,None
087_4_1.pts,68,None,None,None
087_4_2.pts,68,None,None,None
088_1_1.pts,68,None,None,None
088_1_2.pts,68,None,None,None
088_2_1.pts,68,None,None,None
088_2_2.pts,68,None,None,None
088_3_1.pts,68,None,None,None
088_3_2.pts,68,None,None,None
088_4_1.pts,68,None,None,None
088_4_2.pts,68,None,None,None
089_1_1.pts,68,None,None,None
089_1_2.pts,68,None,None,None
089_2_1.pts,68,None,None,None
089_2_2.pts,68,None,None,None
089_3_1.pts,68,None,None,None
089_3_2.pts,68,None,None,None
089_4_1.pts,68,None,None,None
089_4_2.pts,68,None,None,None
090_1_1.pts,68,None,None,None
090_1_2.pts,68,None,None,None
090_2_1.pts,68,None,None,None
090_2_2.pts,68,None,None,None
090_3_1.pts,68,None,None,None
090_3_2.pts,68,None,None,None
090_4_1.pts,68,None,None,None
090_4_2.pts,68,None,None,None
091_1_1.pts,68,None,None,None
091_1_2.pts,68,None,None,None
091_2_1.pts,68,None,None,None
091_2_2.pts,68,None,None,None
091_3_1.pts,68,None,None,None
091_3_2.pts,68,None,None,None
091_4_1.pts,68,None,None,None
091_4_2.pts,68,None,None,None
092_1_1.pts,68,None,None,None
092_1_2.pts,68,None,None,None
092_2_1.pts,68,None,None,None
092_2_2.pts,68,None,None,None
092_3_1.pts,68,None,None,None
092_3_2.pts,68,None,None,None
092_4_1.pts,68,None,None,None
092_4_2.pts,68,None,None,None
093_1_1.pts,68,None,None,None
093_1_2.pts,68,None,None,None
093_2_1.pts,68,None,None,None
093_2_2.pts,68,None,None,None
093_3_1.pts,68,None,None,None
093_3_2.pts,68,None,None,None
093_4_1.pts,68,None,None,None
093_4_2.pts,68,None,None,None
095_1_1.pts,68,None,None,None
095_1_2.pts,68,None,None,None
095_2_1.pts,68,None,None,None
095_2_2.pts,68,None,None,None
095_3_1.pts,68,None,None,None
095_3_2.pts,68,None,None,None
095_4_1.pts,68,None,None,None
095_4_2.pts,68,None,None,None
096_1_1.pts,68,None,None,None
096_1_2.pts,68,None,None,None
096_2_1.pts,68,None,None,None
096_2_2.pts,68,None,None,None
096_3_1.pts,68,None,None,None
096_3_2.pts,68,None,None,None
096_4_1.pts,68,None,None,None
096_4_2.pts,68,None,None,None
098_1_1.pts,68,None,None,None
098_1_2.pts,68,None,None,None
098_2_1.pts,68,None,None,None
098_2_2.pts,68,None,None,None
098_3_1.pts,68,None,None,None
098_3_2.pts,68,None,None,None
098_4_1.pts,68,None,None,None
098_4_2.pts,68,None,None,None
099_1_1.pts,68,None,None,None
099_1_2.pts,68,None,None,None
099_2_1.pts,68,None,None,None
099_2_2.pts,68,None,None,None
099_3_1.pts,68,None,None,None
099_3_2.pts,68,None,None,None
099_4_1.pts,68,None,None,None
099_4_2.pts,68,None,None,None
101_1_1.pts,68,None,None,None
101_1_2.pts,68,None,None,None
101_2_1.pts,68,None,None,None
101_2_2.pts,68,None,None,None
101_3_1.pts,68,None,None,None
101_3_2.pts,68,None,None,None
101_4_1.pts,68,None,None,None
101_4_2.pts,68,None,None,None
102_1_1.pts,68,None,None,None
102_1_2.pts,68,None,None,None
102_2_1.pts,68,None,None,None
102_2_2.pts,68,None,None,None
102_3_1.pts,68,None,None,None
102_3_2.pts,68,None,None,None
102_4_1.pts,68,None,None,None
102_4_2.pts,68,None,None,None
103_1_1.pts,68,None,None,None
103_1_2.pts,68,None,None,None
103_2_1.pts,68,None,None,None
103_2_2.pts,68,None,None,None
103_3_1.pts,68,None,None,None
103_3_2.pts,68,None,None,None
103_4_1.pts,68,None,None,None
103_4_2.pts,68,None,None,None
104_1_1.pts,68,None,None,None
104_1_2.pts,68,None,None,None
104_2_1.pts,68,None,None,None
104_2_2.pts,68,None,None,None
104_3_1.pts,68,None,None,None
104_3_2.pts,68,None,None,None
104_4_1.pts,68,None,None,None
104_4_2.pts,68,None,None,None
105_1_1.pts,68,None,None,None
105_1_2.pts,68,None,None,None
105_2_1.pts,68,None,None,None
105_2_2.pts,68,None,None,None
105_3_1.pts,68,None,None,None
105_3_2.pts,68,None,None,None
105_4_1.pts,68,None,None,None
105_4_2.pts,68,None,None,None
107_1_1.pts,68,None,None,None
107_1_2.pts,68,None,None,None
107_2_1.pts,68,None,None,None
107_2_2.pts,68,None,None,None
107_3_1.pts,68,None,None,None
107_3_2.pts,68,None,None,None
107_4_1.pts,68,None,None,None
107_4_2.pts,68,None,None,None
108_1_1.pts,68,None,None,None
108_1_2.pts,68,None,None,None
108_2_1.pts,68,None,None,None
108_2_2.pts,68,None,None,None
108_3_1.pts,68,None,None,None
108_3_2.pts,68,None,None,None
108_4_1.pts,68,None,None,None
108_4_2.pts,68,None,None,None
109_1_1.pts,68,None,None,None
109_1_2.pts,68,None,None,None
109_2_1.pts,68,None,None,None
109_2_2.pts,68,None,None,None
109_3_1.pts,68,None,None,None
109_3_2.pts,68,None,None,None
109_4_1.pts,68,None,None,None
109_4_2.pts,68,None,None,None
110_1_1.pts,68,None,None,None
110_1_2.pts,68,None,None,None
110_2_1.pts,68,None,None,None
110_2_2.pts,68,None,None,None
110_3_1.pts,68,None,None,None
110_3_2.pts,68,None,None,None
110_4_1.pts,68,None,None,None
110_4_2.pts,68,None,None,None
111_1_1.pts,68,None,None,None
111_1_2.pts,68,None,None,None
111_2_1.pts,68,None,None,None
111_2_2.pts,68,None,None,None
111_3_1.pts,68,None,None,None
111_3_2.pts,68,None,None,None
111_4_1.pts,68,None,None,None
111_4_2.pts,68,None,None,None
112_1_1.pts,68,None,None,None
112_1_2.pts,68,None,None,None
112_2_1.pts,68,None,None,None
112_2_2.pts,68,None,None,None
112_3_1.pts,68,None,None,None
112_3_2.pts,68,None,None,None
112_4_1.pts,68,None,None,None
112_4_2.pts,68,None,None,None
113_1_1.pts,68,None,None,None
113_1_2.pts,68,None,None,None
113_2_1.pts,68,None,None,None
113_2_2.pts,68,None,None,None
113_3_1.pts,68,None,None,None
113_3_2.pts,68,None,None,None
113_4_1.pts,68,None,None,None
113_4_2.pts,68,None,None,None
114_1_1.pts,68,None,None,None
114_1_2.pts,68,None,None,None
114_2_1.pts,68,None,None,None
114_2_2.pts,68,None,None,None
114_3_1.pts,68,None,None,None
114_3_2.pts,68,None,None,None
114_4_1.pts,68,None,None,None
114_4_2.pts,68,None,None,None
115_1_1.pts,68,None,None,None
115_1_2.pts,68,None,None,None
115_2_1.pts,68,None,None,None
115_2_2.pts,68,None,None,None
115_3_1.pts,68,None,None,None
115_3_2.pts,68,None,None,None
115_4_1.pts,68,None,None,None
115_4_2.pts,68,None,None,None
116_1_1.pts,68,None,None,None
116_1_2.pts,68,None,None,None
116_2_1.pts,68,None,None,None
116_2_2.pts,68,None,None,None
116_3_1.pts,68,None,None,None
116_3_2.pts,68,None,None,None
116_4_1.pts,68,None,None,None
116_4_2.pts,68,None,None,None
119_1_1.pts,68,None,None,None
119_1_2.pts,68,None,None,None
119_2_1.pts,68,None,None,None
119_2_2.pts,68,None,None,None
119_3_1.pts,68,None,None,None
119_3_2.pts,68,None,None,None
119_4_1.pts,68,None,None,None
119_4_2.pts,68,None,None,None
120_1_1.pts,68,None,None,None
120_1_2.pts,68,None,None,None
120_2_1.pts,68,None,None,None
120_2_2.pts,68,None,None,None
120_3_1.pts,68,None,None,None
120_3_2.pts,68,None,None,None
120_4_1.pts,68,None,None,None
120_4_2.pts,68,None,None,None
121_1_1.pts,68,None,None,None
121_1_2.pts,68,None,None,None
121_2_1.pts,68,None,None,None
121_2_2.pts,68,None,None,None
121_3_1.pts,68,None,None,None
121_3_2.pts,68,None,None,None
121_4_1.pts,68,None,None,None
121_4_2.pts,68,None,None,None
122_1_1.pts,68,None,None,None
122_1_2.pts,68,None,None,None
122_2_1.pts,68,None,None,None
122_2_2.pts,68,None,None,None
122_3_1.pts,68,None,None,None
122_3_2.pts,68,None,None,None
122_4_1.pts,68,None,None,None
122_4_2.pts,68,None,None,None
123_1_1.pts,68,None,None,None
123_1_2.pts,68,None,None,None
123_2_1.pts,68,None,None,None
123_2_2.pts,68,None,None,None
123_3_1.pts,68,None,None,None
123_3_2.pts,68,None,None,None
123_4_1.pts,68,None,None,None
123_4_2.pts,68,None,None,None
124_1_1.pts,68,None,None,None
124_1_2.pts,68,None,None,None
124_2_1.pts,68,None,None,None
124_2_2.pts,68,None,None,None
124_3_1.pts,68,None,None,None
124_3_2.pts,68,None,None,None
124_4_1.pts,68,None,None,None
124_4_2.pts,68,None,None,None
125_1_1.pts,68,None,None,None
125_1_2.pts,68,None,None,None
125_2_1.pts,68,None,None,None
125_2_2.pts,68,None,None,None
125_3_1.pts,68,None,None,None
125_3_2.pts,68,None,None,None
125_4_1.pts,68,None,None,None
125_4_2.pts,68,None,None,None
126_1_1.pts,68,None,None,None
126_1_2.pts,68,None,None,None
126_2_1.pts,68,None,None,None
126_2_2.pts,68,None,None,None
126_3_1.pts,68,None,None,None
126_3_2.pts,68,None,None,None
126_4_1.pts,68,None,None,None
126_4_2.pts,68,None,None,None
127_1_1.pts,68,None,None,None
127_1_2.pts,68,None,None,None
127_2_1.pts,68,None,None,None
127_2_2.pts,68,None,None,None
127_3_1.pts,68,None,None,None
127_3_2.pts,68,None,None,None
127_4_1.pts,68,None,None,None
127_4_2.pts,68,None,None,None
128_1_1.pts,68,None,None,None
128_1_2.pts,68,None,None,None
128_2_1.pts,68,None,None,None
128_2_2.pts,68,None,None,None
128_3_1.pts,68,None,None,None
128_3_2.pts,68,None,None,None
128_4_1.pts,68,None,None,None
128_4_2.pts,68,None,None,None
129_1_1.pts,68,None,None,None
129_1_2.pts,68,None,None,None
129_2_1.pts,68,None,None,None
129_2_2.pts,68,None,None,None
129_3_1.pts,68,None,None,None
129_3_2.pts,68,None,None,None
129_4_1.pts,68,None,None,None
129_4_2.pts,68,None,None,None
130_1_1.pts,68,None,None,None
130_1_2.pts,68,None,None,None
130_2_1.pts,68,None,None,None
130_2_2.pts,68,None,None,None
130_3_1.pts,68,None,None,None
130_3_2.pts,68,None,None,None
130_4_1.pts,68,None,None,None
130_4_2.pts,68,None,None,None
131_1_1.pts,68,None,None,None
131_1_2.pts,68,None,None,None
131_2_1.pts,68,None,None,None
131_2_2.pts,68,None,None,None
131_3_1.pts,68,None,None,None
131_3_2.pts,68,None,None,None
131_4_1.pts,68,None,None,None
131_4_2.pts,68,None,None,None
132_1_1.pts,68,None,None,None
132_1_2.pts,68,None,None,None
132_2_1.pts,68,None,None,None
132_2_2.pts,68,None,None,None
132_3_1.pts,68,None,None,None
132_3_2.pts,68,None,None,None
132_4_1.pts,68,None,None,None
132_4_2.pts,68,None,None,None
133_1_1.pts,68,None,None,None
133_1_2.pts,68,None,None,None
133_2_1.pts,68,None,None,None
133_2_2.pts,68,None,None,None
133_3_1.pts,68,None,None,None
133_3_2.pts,68,None,None,None
133_4_1.pts,68,None,None,None
133_4_2.pts,68,None,None,None
134_1_1.pts,68,None,None,None
134_1_2.pts,68,None,None,None
134_2_1.pts,68,None,None,None
134_2_2.pts,68,None,None,None
134_3_1.pts,68,None,None,None
134_3_2.pts,68,None,None,None
134_4_1.pts,68,None,None,None
134_4_2.pts,68,None,None,None
135_1_1.pts,68,None,None,None
135_1_2.pts,68,None,None,None
135_2_1.pts,68,None,None,None
135_2_2.pts,68,None,None,None
135_3_1.pts,68,None,None,None
135_3_2.pts,68,None,None,None
135_4_1.pts,68,None,None,None
135_4_2.pts,68,None,None,None
136_1_1.pts,68,None,None,None
136_1_2.pts,68,None,None,None
136_2_1.pts,68,None,None,None
136_2_2.pts,68,None,None,None
136_3_1.pts,68,None,None,None
136_3_2.pts,68,None,None,None
136_4_1.pts,68,None,None,None
136_4_2.pts,68,None,None,None
137_1_1.pts,68,None,None,None
137_1_2.pts,68,None,None,None
137_2_1.pts,68,None,None,None
137_2_2.pts,68,None,None,None
137_3_1.pts,68,None,None,None
137_3_2.pts,68,None,None,None
137_4_1.pts,68,None,None,None
137_4_2.pts,68,None,None,None
138_1_1.pts,68,None,None,None
138_1_2.pts,68,None,None,None
138_2_1.pts,68,None,None,None
138_2_2.pts,68,None,None,None
138_3_1.pts,68,None,None,None
138_3_2.pts,68,None,None,None
138_4_1.pts,68,None,None,None
138_4_2.pts,68,None,None,None
140_1_1.pts,68,None,None,None
140_1_2.pts,68,None,None,None
140_2_1.pts,68,None,None,None
140_2_2.pts,68,None,None,None
140_3_1.pts,68,None,None,None
140_3_2.pts,68,None,None,None
140_4_1.pts,68,None,None,None
140_4_2.pts,68,None,None,None
141_1_1.pts,68,None,None,None
141_1_2.pts,68,None,None,None
141_2_1.pts,68,None,None,None
141_2_2.pts,68,None,None,None
141_3_1.pts,68,None,None,None
141_3_2.pts,68,None,None,None
141_4_1.pts,68,None,None,None
141_4_2.pts,68,None,None,None
142_1_1.pts,68,None,None,None
142_1_2.pts,68,None,None,None
142_2_1.pts,68,None,None,None
142_2_2.pts,68,None,None,None
142_3_1.pts,68,None,None,None
142_3_2.pts,68,None,None,None
142_4_1.pts,68,None,None,None
142_4_2.pts,68,None,None,None
143_1_1.pts,68,None,None,None
143_1_2.pts,68,None,None,None
143_2_1.pts,68,None,None,None
143_2_2.pts,68,None,None,None
143_3_1.pts,68,None,None,None
143_3_2.pts,68,None,None,None
143_4_1.pts,68,None,None,None
143_4_2.pts,68,None,None,None
145_1_1.pts,68,None,None,None
145_1_2.pts,68,None,None,None
145_2_1.pts,68,None,None,None
145_2_2.pts,68,None,None,None
145_3_1.pts,68,None,None,None
145_3_2.pts,68,None,None,None
145_4_1.pts,68,None,None,None
145_4_2.pts,68,None,None,None
146_1_1.pts,68,None,None,None
146_1_2.pts,68,None,None,None
146_2_1.pts,68,None,None,None
146_2_2.pts,68,None,None,None
146_3_1.pts,68,None,None,None
146_3_2.pts,68,None,None,None
146_4_1.pts,68,None,None,None
146_4_2.pts,68,None,None,None
147_1_1.pts,68,None,None,None
147_1_2.pts,68,None,None,None
147_2_1.pts,68,None,None,None
147_2_2.pts,68,None,None,None
147_3_1.pts,68,None,None,None
147_3_2.pts,68,None,None,None
147_4_1.pts,68,None,None,None
147_4_2.pts,68,None,None,None
148_1_1.pts,68,None,None,None
148_1_2.pts,68,None,None,None
148_2_1.pts,68,None,None,None
148_2_2.pts,68,None,None,None
148_3_1.pts,68,None,None,None
148_3_2.pts,68,None,None,None
148_4_1.pts,68,None,None,None
148_4_2.pts,68,None,None,None
149_1_1.pts,68,None,None,None
149_1_2.pts,68,None,None,None
149_2_1.pts,68,None,None,None
149_2_2.pts,68,None,None,None
149_3_1.pts,68,None,None,None
149_3_2.pts,68,None,None,None
149_4_1.pts,68,None,None,None
149_4_2.pts,68,None,None,None
150_1_1.pts,68,None,None,None
150_1_2.pts,68,None,None,None
150_2_1.pts,68,None,None,None
150_2_2.pts,68,None,None,None
150_3_1.pts,68,None,None,None
150_3_2.pts,68,None,None,None
150_4_1.pts,68,None,None,None
150_4_2.pts,68,None,None,None
152_1_1.pts,68,None,None,None
152_1_2.pts,68,None,None,None
152_2_1.pts,68,None,None,None
152_2_2.pts,68,None,None,None
152_3_1.pts,68,None,None,None
152_3_2.pts,68,None,None,None
152_4_1.pts,68,None,None,None
152_4_2.pts,68,None,None,None
153_1_1.pts,68,None,None,None
153_1_2.pts,68,None,None,None
153_2_1.pts,68,None,None,None
153_2_2.pts,68,None,None,None
153_3_1.pts,68,None,None,None
153_3_2.pts,68,None,None,None
153_4_1.pts,68,None,None,None
153_4_2.pts,68,None,None,None
154_1_1.pts,68,None,None,None
154_1_2.pts,68,None,None,None
154_2_1.pts,68,None,None,None
154_2_2.pts,68,None,None,None
154_3_1.pts,68,None,None,None
154_3_2.pts,68,None,None,None
154_4_1.pts,68,None,None,None
154_4_2.pts,68,None,None,None
155_1_1.pts,68,None,None,None
155_1_2.pts,68,None,None,None
155_2_1.pts,68,None,None,None
155_2_2.pts,68,None,None,None
155_3_1.pts,68,None,None,None
155_3_2.pts,68,None,None,None
155_4_1.pts,68,None,None,None
155_4_2.pts,68,None,None,None
157_1_1.pts,68,None,None,None
157_1_2.pts,68,None,None,None
157_2_1.pts,68,None,None,None
157_2_2.pts,68,None,None,None
157_3_1.pts,68,None,None,None
157_3_2.pts,68,None,None,None
157_4_1.pts,68,None,None,None
157_4_2.pts,68,None,None,None
158_1_1.pts,68,None,None,None
158_1_2.pts,68,None,None,None
158_2_1.pts,68,None,None,None
158_2_2.pts,68,None,None,None
158_3_1.pts,68,None,None,None
158_3_2.pts,68,None,None,None
158_4_1.pts,68,None,None,None
158_4_2.pts,68,None,None,None
159_1_1.pts,68,None,None,None
159_1_2.pts,68,None,None,None
159_2_1.pts,68,None,None,None
159_2_2.pts,68,None,None,None
159_3_1.pts,68,None,None,None
159_3_2.pts,68,None,None,None
159_4_1.pts,68,None,None,None
159_4_2.pts,68,None,None,None
160_1_1.pts,68,None,None,None
160_1_2.pts,68,None,None,None
160_2_1.pts,68,None,None,None
160_2_2.pts,68,None,None,None
160_3_1.pts,68,None,None,None
160_3_2.pts,68,None,None,None
160_4_1.pts,68,None,None,None
160_4_2.pts,68,None,None,None
161_1_1.pts,68,None,None,None
161_1_2.pts,68,None,None,None
161_2_1.pts,68,None,None,None
161_2_2.pts,68,None,None,None
161_3_1.pts,68,None,None,None
161_3_2.pts,68,None,None,None
161_4_1.pts,68,None,None,None
161_4_2.pts,68,None,None,None
163_1_1.pts,68,None,None,None
163_1_2.pts,68,None,None,None
163_2_1.pts,68,None,None,None
163_2_2.pts,68,None,None,None
163_3_1.pts,68,None,None,None
163_3_2.pts,68,None,None,None
163_4_1.pts,68,None,None,None
163_4_2.pts,68,None,None,None
164_1_1.pts,68,None,None,None
164_1_2.pts,68,None,None,None
164_2_1.pts,68,None,None,None
164_2_2.pts,68,None,None,None
164_3_1.pts,68,None,None,None
164_3_2.pts,68,None,None,None
164_4_1.pts,68,None,None,None
164_4_2.pts,68,None,None,None
165_1_1.pts,68,None,None,None
165_1_2.pts,68,None,None,None
165_2_1.pts,68,None,None,None
165_2_2.pts,68,None,None,None
165_3_1.pts,68,None,None,None
165_3_2.pts,68,None,None,None
165_4_1.pts,68,None,None,None
165_4_2.pts,68,None,None,None
166_1_1.pts,68,None,None,None
166_1_2.pts,68,None,None,None
166_2_1.pts,68,None,None,None
166_2_2.pts,68,None,None,None
166_3_1.pts,68,None,None,None
166_3_2.pts,68,None,None,None
166_4_1.pts,68,None,None,None
166_4_2.pts,68,None,None,None
167_1_1.pts,68,None,None,None
167_1_2.pts,68,None,None,None
167_2_1.pts,68,None,None,None
167_2_2.pts,68,None,None,None
167_3_1.pts,68,None,None,None
167_3_2.pts,68,None,None,None
167_4_1.pts,68,None,None,None
167_4_2.pts,68,None,None,None
168_1_1.pts,68,None,None,None
168_1_2.pts,68,None,None,None
168_2_1.pts,68,None,None,None
168_2_2.pts,68,None,None,None
168_3_1.pts,68,None,None,None
168_3_2.pts,68,None,None,None
168_4_1.pts,68,None,None,None
168_4_2.pts,68,None,None,None
169_1_1.pts,68,None,None,None
169_1_2.pts,68,None,None,None
169_2_1.pts,68,None,None,None
169_2_2.pts,68,None,None,None
169_3_1.pts,68,None,None,None
169_3_2.pts,68,None,None,None
169_4_1.pts,68,None,None,None
169_4_2.pts,68,None,None,None
170_1_1.pts,68,None,None,None
170_1_2.pts,68,None,None,None
170_2_1.pts,68,None,None,None
170_2_2.pts,68,None,None,None
170_3_1.pts,68,None,None,None
170_3_2.pts,68,None,None,None
170_4_1.pts,68,None,None,None
170_4_2.pts,68,None,None,None
171_1_1.pts,68,None,None,None
171_1_2.pts,68,None,None,None
171_2_1.pts,68,None,None,None
171_2_2.pts,68,None,None,None
171_3_1.pts,68,None,None,None
171_3_2.pts,68,None,None,None
171_4_1.pts,68,None,None,None
171_4_2.pts,68,None,None,None
172_1_1.pts,68,None,None,None
172_1_2.pts,68,None,None,None
172_2_1.pts,68,None,None,None
172_2_2.pts,68,None,None,None
172_3_1.pts,68,None,None,None
172_3_2.pts,68,None,None,None
172_4_1.pts,68,None,None,None
172_4_2.pts,68,None,None,None
173_1_1.pts,68,None,None,None
173_1_2.pts,68,None,None,None
173_2_1.pts,68,None,None,None
173_2_2.pts,68,None,None,None
173_3_1.pts,68,None,None,None
173_3_2.pts,68,None,None,None
173_4_1.pts,68,None,None,None
173_4_2.pts,68,None,None,None
174_1_1.pts,68,None,None,None
174_1_2.pts,68,None,None,None
174_2_1.pts,68,None,None,None
174_2_2.pts,68,None,None,None
174_3_1.pts,68,None,None,None
174_3_2.pts,68,None,None,None
174_4_1.pts,68,None,None,None
174_4_2.pts,68,None,None,None
175_1_1.pts,68,None,None,None
175_1_2.pts,68,None,None,None
175_2_1.pts,68,None,None,None
175_2_2.pts,68,None,None,None
175_3_1.pts,68,None,None,None
175_3_2.pts,68,None,None,None
175_4_1.pts,68,None,None,None
175_4_2.pts,68,None,None,None
176_1_1.pts,68,None,None,None
176_1_2.pts,68,None,None,None
176_2_1.pts,68,None,None,None
176_2_2.pts,68,None,None,None
176_3_1.pts,68,None,None,None
176_3_2.pts,68,None,None,None
176_4_1.pts,68,None,None,None
176_4_2.pts,68,None,None,None
177_1_1.pts,68,None,None,None
177_1_2.pts,68,None,None,None
177_2_1.pts,68,None,None,None
177_2_2.pts,68,None,None,None
177_3_1.pts,68,None,None,None
177_3_2.pts,68,None,None,None
177_4_1.pts,68,None,None,None
177_4_2.pts,68,None,None,None
178_1_1.pts,68,None,None,None
178_1_2.pts,68,None,None,None
178_2_1.pts,68,None,None,None
178_2_2.pts,68,None,None,None
178_3_1.pts,68,None,None,None
178_3_2.pts,68,None,None,None
178_4_1.pts,68,None,None,None
178_4_2.pts,68,None,None,None
179_1_1.pts,68,None,None,None
179_1_2.pts,68,None,None,None
179_2_1.pts,68,None,None,None
179_2_2.pts,68,None,None,None
179_3_1.pts,68,None,None,None
179_3_2.pts,68,None,None,None
179_4_1.pts,68,None,None,None
179_4_2.pts,68,None,None,None
180_1_1.pts,68,None,None,None
180_1_2.pts,68,None,None,None
180_2_1.pts,68,None,None,None
180_2_2.pts,68,None,None,None
180_3_1.pts,68,None,None,None
180_3_2.pts,68,None,None,None
180_4_1.pts,68,None,None,None
180_4_2.pts,68,None,None,None
181_1_1.pts,68,None,None,None
181_1_2.pts,68,None,None,None
181_2_1.pts,68,None,None,None
181_2_2.pts,68,None,None,None
181_3_1.pts,68,None,None,None
181_3_2.pts,68,None,None,None
181_4_1.pts,68,None,None,None
181_4_2.pts,68,None,None,None
182_1_1.pts,68,None,None,None
182_1_2.pts,68,None,None,None
182_2_1.pts,68,None,None,None
182_2_2.pts,68,None,None,None
182_3_1.pts,68,None,None,None
182_3_2.pts,68,None,None,None
182_4_1.pts,68,None,None,None
182_4_2.pts,68,None,None,None
183_1_1.pts,68,None,None,None
183_1_2.pts,68,None,None,None
183_2_1.pts,68,None,None,None
183_2_2.pts,68,None,None,None
183_3_1.pts,68,None,None,None
183_3_2.pts,68,None,None,None
183_4_1.pts,68,None,None,None
183_4_2.pts,68,None,None,None
185_1_1.pts,68,None,None,None
185_1_2.pts,68,None,None,None
185_2_1.pts,68,None,None,None
185_2_2.pts,68,None,None,None
185_3_1.pts,68,None,None,None
185_3_2.pts,68,None,None,None
185_4_1.pts,68,None,None,None
185_4_2.pts,68,None,None,None
187_1_1.pts,68,None,None,None
187_1_2.pts,68,None,None,None
187_2_1.pts,68,None,None,None
187_2_2.pts,68,None,None,None
187_3_1.pts,68,None,None,None
187_3_2.pts,68,None,None,None
187_4_1.pts,68,None,None,None
187_4_2.pts,68,None,None,None
188_1_1.pts,68,None,None,None
188_1_2.pts,68,None,None,None
188_2_1.pts,68,None,None,None
188_2_2.pts,68,None,None,None
188_3_1.pts,68,None,None,None
188_3_2.pts,68,None,None,None
188_4_1.pts,68,None,None,None
188_4_2.pts,68,None,None,None
189_1_1.pts,68,None,None,None
189_1_2.pts,68,None,None,None
189_2_1.pts,68,None,None,None
189_2_2.pts,68,None,None,None
189_3_1.pts,68,None,None,None
189_3_2.pts,68,None,None,None
189_4_1.pts,68,None,None,None
189_4_2.pts,68,None,None,None
190_1_1.pts,68,None,None,None
190_1_2.pts,68,None,None,None
190_2_1.pts,68,None,None,None
190_2_2.pts,68,None,None,None
190_3_1.pts,68,None,None,None
190_3_2.pts,68,None,None,None
190_4_1.pts,68,None,None,None
190_4_2.pts,68,None,None,None
191_1_1.pts,68,None,None,None
191_1_2.pts,68,None,None,None
191_2_1.pts,68,None,None,None
191_2_2.pts,68,None,None,None
191_3_1.pts,68,None,None,None
191_3_2.pts,68,None,None,None
191_4_1.pts,68,None,None,None
191_4_2.pts,68,None,None,None
193_1_1.pts,68,None,None,None
193_1_2.pts,68,None,None,None
193_2_1.pts,68,None,None,None
193_2_2.pts,68,None,None,None
193_3_1.pts,68,None,None,None
193_3_2.pts,68,None,None,None
193_4_1.pts,68,None,None,None
193_4_2.pts,68,None,None,None
196_1_1.pts,68,None,None,None
196_1_2.pts,68,None,None,None
196_2_1.pts,68,None,None,None
196_2_2.pts,68,None,None,None
196_3_1.pts,68,None,None,None
196_3_2.pts,68,None,None,None
196_4_1.pts,68,None,None,None
196_4_2.pts,68,None,None,None
197_1_1.pts,68,None,None,None
197_1_2.pts,68,None,None,None
197_2_1.pts,68,None,None,None
197_2_2.pts,68,None,None,None
197_3_1.pts,68,None,None,None
197_3_2.pts,68,None,None,None
197_4_1.pts,68,None,None,None
197_4_2.pts,68,None,None,None
198_1_1.pts,68,None,None,None
198_1_2.pts,68,None,None,None
198_2_1.pts,68,None,None,None
198_2_2.pts,68,None,None,None
198_3_1.pts,68,None,None,None
198_3_2.pts,68,None,None,None
198_4_1.pts,68,None,None,None
198_4_2.pts,68,None,None,None
199_1_1.pts,68,None,None,None
199_1_2.pts,68,None,None,None
199_2_1.pts,68,None,None,None
199_2_2.pts,68,None,None,None
199_3_1.pts,68,None,None,None
199_3_2.pts,68,None,None,None
199_4_1.pts,68,None,None,None
199_4_2.pts,68,None,None,None
200_1_1.pts,68,None,None,None
200_1_2.pts,68,None,None,None
200_2_1.pts,68,None,None,None
200_2_2.pts,68,None,None,None
200_3_1.pts,68,None,None,None
200_3_2.pts,68,None,None,None
200_4_1.pts,68,None,None,None
200_4_2.pts,68,None,None,None
201_1_1.pts,68,None,None,None
201_1_2.pts,68,None,None,None
201_2_1.pts,68,None,None,None
201_2_2.pts,68,None,None,None
201_3_1.pts,68,None,None,None
201_3_2.pts,68,None,None,None
201_4_1.pts,68,None,None,None
201_4_2.pts,68,None,None,None
202_1_1.pts,68,None,None,None
202_1_2.pts,68,None,None,None
202_2_1.pts,68,None,None,None
202_2_2.pts,68,None,None,None
202_3_1.pts,68,None,None,None
202_3_2.pts,68,None,None,None
202_4_1.pts,68,None,None,None
202_4_2.pts,68,None,None,None
203_1_1.pts,68,None,None,None
203_1_2.pts,68,None,None,None
203_2_1.pts,68,None,None,None
203_2_2.pts,68,None,None,None
203_3_1.pts,68,None,None,None
203_3_2.pts,68,None,None,None
203_4_1.pts,68,None,None,None
203_4_2.pts,68,None,None,None
206_1_1.pts,68,None,None,None
206_1_2.pts,68,None,None,None
206_2_1.pts,68,None,None,None
206_2_2.pts,68,None,None,None
206_3_1.pts,68,None,None,None
206_3_2.pts,68,None,None,None
206_4_1.pts,68,None,None,None
206_4_2.pts,68,None,None,None
207_1_1.pts,68,None,None,None
207_1_2.pts,68,None,None,None
207_2_1.pts,68,None,None,None
207_2_2.pts,68,None,None,None
207_3_1.pts,68,None,None,None
207_3_2.pts,68,None,None,None
207_4_1.pts,68,None,None,None
207_4_2.pts,68,None,None,None
208_1_1.pts,68,None,None,None
208_1_2.pts,68,None,None,None
208_2_1.pts,68,None,None,None
208_2_2.pts,68,None,None,None
208_3_1.pts,68,None,None,None
208_3_2.pts,68,None,None,None
208_4_1.pts,68,None,None,None
208_4_2.pts,68,None,None,None
209_1_1.pts,68,None,None,None
209_1_2.pts,68,None,None,None
209_2_1.pts,68,None,None,None
209_2_2.pts,68,None,None,None
209_3_1.pts,68,None,None,None
209_3_2.pts,68,None,None,None
209_4_1.pts,68,None,None,None
209_4_2.pts,68,None,None,None
210_1_1.pts,68,None,None,None
210_1_2.pts,68,None,None,None
210_2_1.pts,68,None,None,None
210_2_2.pts,68,None,None,None
210_3_1.pts,68,None,None,None
210_3_2.pts,68,None,None,None
210_4_1.pts,68,None,None,None
210_4_2.pts,68,None,None,None
211_1_1.pts,68,None,None,None
211_1_2.pts,68,None,None,None
211_2_1.pts,68,None,None,None
211_2_2.pts,68,None,None,None
211_3_1.pts,68,None,None,None
211_3_2.pts,68,None,None,None
211_4_1.pts,68,None,None,None
211_4_2.pts,68,None,None,None
212_1_1.pts,68,None,None,None
212_1_2.pts,68,None,None,None
212_2_1.pts,68,None,None,None
212_2_2.pts,68,None,None,None
212_3_1.pts,68,None,None,None
212_3_2.pts,68,None,None,None
212_4_1.pts,68,None,None,None
212_4_2.pts,68,None,None,None
213_1_1.pts,68,None,None,None
213_1_2.pts,68,None,None,None
213_2_1.pts,68,None,None,None
213_2_2.pts,68,None,None,None
213_3_1.pts,68,None,None,None
213_3_2.pts,68,None,None,None
213_4_1.pts,68,None,None,None
213_4_2.pts,68,None,None,None
215_1_1.pts,68,None,None,None
215_1_2.pts,68,None,None,None
215_2_1.pts,68,None,None,None
215_2_2.pts,68,None,None,None
215_3_1.pts,68,None,None,None
215_3_2.pts,68,None,None,None
215_4_1.pts,68,None,None,None
215_4_2.pts,68,None,None,None
216_1_1.pts,68,None,None,None
216_1_2.pts,68,None,None,None
216_2_1.pts,68,None,None,None
216_2_2.pts,68,None,None,None
216_3_1.pts,68,None,None,None
216_3_2.pts,68,None,None,None
216_4_1.pts,68,None,None,None
216_4_2.pts,68,None,None,None
218_1_1.pts,68,None,None,None
218_1_2.pts,68,None,None,None
218_2_1.pts,68,None,None,None
218_2_2.pts,68,None,None,None
218_3_1.pts,68,None,None,None
218_3_2.pts,68,None,None,None
218_4_1.pts,68,None,None,None
218_4_2.pts,68,None,None,None
219_1_1.pts,68,None,None,None
219_1_2.pts,68,None,None,None
219_2_1.pts,68,None,None,None
219_2_2.pts,68,None,None,None
219_3_1.pts,68,None,None,None
219_3_2.pts,68,None,None,None
219_4_1.pts,68,None,None,None
219_4_2.pts,68,None,None,None
221_1_1.pts,68,None,None,None
221_1_2.pts,68,None,None,None
221_2_1.pts,68,None,None,None
221_2_2.pts,68,None,None,None
221_3_1.pts,68,None,None,None
221_3_2.pts,68,None,None,None
221_4_1.pts,68,None,None,None
221_4_2.pts,68,None,None,None
222_1_1.pts,68,None,None,None
222_1_2.pts,68,None,None,None
222_2_1.pts,68,None,None,None
222_2_2.pts,68,None,None,None
222_3_1.pts,68,None,None,None
222_3_2.pts,68,None,None,None
222_4_1.pts,68,None,None,None
222_4_2.pts,68,None,None,None
224_1_1.pts,68,None,None,None
224_1_2.pts,68,None,None,None
224_2_1.pts,68,None,None,None
224_2_2.pts,68,None,None,None
224_3_1.pts,68,None,None,None
224_3_2.pts,68,None,None,None
224_4_1.pts,68,None,None,None
224_4_2.pts,68,None,None,None
225_1_1.pts,68,None,None,None
225_1_2.pts,68,None,None,None
225_2_1.pts,68,None,None,None
225_2_2.pts,68,None,None,None
225_3_1.pts,68,None,None,None
225_3_2.pts,68,None,None,None
225_4_1.pts,68,None,None,None
225_4_2.pts,68,None,None,None
226_1_1.pts,68,None,None,None
226_1_2.pts,68,None,None,None
226_2_1.pts,68,None,None,None
226_2_2.pts,68,None,None,None
226_3_1.pts,68,None,None,None
226_3_2.pts,68,None,None,None
226_4_1.pts,68,None,None,None
226_4_2.pts,68,None,None,None
227_1_1.pts,68,None,None,None
227_1_2.pts,68,None,None,None
227_2_1.pts,68,None,None,None
227_2_2.pts,68,None,None,None
227_3_1.pts,68,None,None,None
227_3_2.pts,68,None,None,None
227_4_1.pts,68,None,None,None
227_4_2.pts,68,None,None,None
228_1_1.pts,68,None,None,None
228_1_2.pts,68,None,None,None
228_2_1.pts,68,None,None,None
228_2_2.pts,68,None,None,None
228_3_1.pts,68,None,None,None
228_3_2.pts,68,None,None,None
228_4_1.pts,68,None,None,None
228_4_2.pts,68,None,None,None
229_1_1.pts,68,None,None,None
229_1_2.pts,68,None,None,None
229_2_1.pts,68,None,None,None
229_2_2.pts,68,None,None,None
229_3_1.pts,68,None,None,None
229_3_2.pts,68,None,None,None
229_4_1.pts,68,None,None,None
229_4_2.pts,68,None,None,None
231_1_1.pts,68,None,None,None
231_1_2.pts,68,None,None,None
231_2_1.pts,68,None,None,None
231_2_2.pts,68,None,None,None
231_3_1.pts,68,None,None,None
231_3_2.pts,68,None,None,None
231_4_1.pts,68,None,None,None
231_4_2.pts,68,None,None,None
232_1_1.pts,68,None,None,None
232_1_2.pts,68,None,None,None
232_2_1.pts,68,None,None,None
232_2_2.pts,68,None,None,None
232_3_1.pts,68,None,None,None
232_3_2.pts,68,None,None,None
232_4_1.pts,68,None,None,None
232_4_2.pts,68,None,None,None
233_1_1.pts,68,None,None,None
233_1_2.pts,68,None,None,None
233_2_1.pts,68,None,None,None
233_2_2.pts,68,None,None,None
233_3_1.pts,68,None,None,None
233_3_2.pts,68,None,None,None
233_4_1.pts,68,None,None,None
233_4_2.pts,68,None,None,None
234_1_1.pts,68,None,None,None
234_1_2.pts,68,None,None,None
234_2_1.pts,68,None,None,None
234_2_2.pts,68,None,None,None
234_3_1.pts,68,None,None,None
234_3_2.pts,68,None,None,None
234_4_1.pts,68,None,None,None
234_4_2.pts,68,None,None,None
235_1_1.pts,68,None,None,None
235_1_2.pts,68,None,None,None
235_2_1.pts,68,None,None,None
235_2_2.pts,68,None,None,None
235_3_1.pts,68,None,None,None
235_3_2.pts,68,None,None,None
235_4_1.pts,68,None,None,None
235_4_2.pts,68,None,None,None
236_1_1.pts,68,None,None,None
236_1_2.pts,68,None,None,None
236_2_1.pts,68,None,None,None
236_2_2.pts,68,None,None,None
236_3_1.pts,68,None,None,None
236_3_2.pts,68,None,None,None
236_4_1.pts,68,None,None,None
236_4_2.pts,68,None,None,None
237_1_1.pts,68,None,None,None
237_1_2.pts,68,None,None,None
237_2_1.pts,68,None,None,None
237_2_2.pts,68,None,None,None
237_3_1.pts,68,None,None,None
237_3_2.pts,68,None,None,None
237_4_1.pts,68,None,None,None
237_4_2.pts,68,None,None,None
240_1_1.pts,68,None,None,None
240_1_2.pts,68,None,None,None
240_2_1.pts,68,None,None,None
240_2_2.pts,68,None,None,None
240_3_1.pts,68,None,None,None
240_3_2.pts,68,None,None,None
240_4_1.pts,68,None,None,None
240_4_2.pts,68,None,None,None
241_1_1.pts,68,None,None,None
241_1_2.pts,68,None,None,None
241_2_1.pts,68,None,None,None
241_2_2.pts,68,None,None,None
241_3_1.pts,68,None,None,None
241_3_2.pts,68,None,None,None
241_4_1.pts,68,None,None,None
241_4_2.pts,68,None,None,None
242_1_1.pts,68,None,None,None
242_1_2.pts,68,None,None,None
242_2_1.pts,68,None,None,None
242_2_2.pts,68,None,None,None
242_3_1.pts,68,None,None,None
242_3_2.pts,68,None,None,None
242_4_1.pts,68,None,None,None
242_4_2.pts,68,None,None,None
243_1_1.pts,68,None,None,None
243_1_2.pts,68,None,None,None
243_2_1.pts,68,None,None,None
243_2_2.pts,68,None,None,None
243_3_1.pts,68,None,None,None
243_3_2.pts,68,None,None,None
243_4_1.pts,68,None,None,None
243_4_2.pts,68,None,None,None
244_1_1.pts,68,None,None,None
244_1_2.pts,68,None,None,None
244_2_1.pts,68,None,None,None
244_2_2.pts,68,None,None,None
244_3_1.pts,68,None,None,None
244_3_2.pts,68,None,None,None
244_4_1.pts,68,None,None,None
244_4_2.pts,68,None,None,None
246_1_1.pts,68,None,None,None
246_1_2.pts,68,None,None,None
246_2_1.pts,68,None,None,None
246_2_2.pts,68,None,None,None
246_3_1.pts,68,None,None,None
246_3_2.pts,68,None,None,None
246_4_1.pts,68,None,None,None
246_4_2.pts,68,None,None,None
248_1_1.pts,68,None,None,None
248_1_2.pts,68,None,None,None
248_2_1.pts,68,None,None,None
248_2_2.pts,68,None,None,None
248_3_1.pts,68,None,None,None
248_3_2.pts,68,None,None,None
248_4_1.pts,68,None,None,None
248_4_2.pts,68,None,None,None
249_1_1.pts,68,None,None,None
249_1_2.pts,68,None,None,None
249_2_1.pts,68,None,None,None
249_2_2.pts,68,None,None,None
249_3_1.pts,68,None,None,None
249_3_2.pts,68,None,None,None
249_4_1.pts,68,None,None,None
249_4_2.pts,68,None,None,None
250_1_1.pts,68,None,None,None
250_1_2.pts,68,None,None,None
250_2_1.pts,68,None,None,None
250_2_2.pts,68,None,None,None
250_3_1.pts,68,None,None,None
250_3_2.pts,68,None,None,None
250_4_1.pts,68,None,None,None
250_4_2.pts,68,None,None,None
253_1_1.pts,68,None,None,None
253_1_2.pts,68,None,None,None
253_2_1.pts,68,None,None,None
253_2_2.pts,68,None,None,None
253_3_1.pts,68,None,None,None
253_3_2.pts,68,None,None,None
253_4_1.pts,68,None,None,None
253_4_2.pts,68,None,None,None
255_1_1.pts,68,None,None,None
255_1_2.pts,68,None,None,None
255_2_1.pts,68,None,None,None
255_2_2.pts,68,None,None,None
255_3_1.pts,68,None,None,None
255_3_2.pts,68,None,None,None
255_4_1.pts,68,None,None,None
255_4_2.pts,68,None,None,None
258_1_1.pts,68,None,None,None
258_1_2.pts,68,None,None,None
258_2_1.pts,68,None,None,None
258_2_2.pts,68,None,None,None
258_3_1.pts,68,None,None,None
258_3_2.pts,68,None,None,None
258_4_1.pts,68,None,None,None
258_4_2.pts,68,None,None,None
259_1_1.pts,68,None,None,None
259_1_2.pts,68,None,None,None
259_2_1.pts,68,None,None,None
259_2_2.pts,68,None,None,None
259_3_1.pts,68,None,None,None
259_3_2.pts,68,None,None,None
259_4_1.pts,68,None,None,None
259_4_2.pts,68,None,None,None
261_1_1.pts,68,None,None,None
261_1_2.pts,68,None,None,None
261_2_1.pts,68,None,None,None
261_2_2.pts,68,None,None,None
261_3_1.pts,68,None,None,None
261_3_2.pts,68,None,None,None
261_4_1.pts,68,None,None,None
261_4_2.pts,68,None,None,None
263_1_1.pts,68,None,None,None
263_1_2.pts,68,None,None,None
263_2_1.pts,68,None,None,None
263_2_2.pts,68,None,None,None
263_3_1.pts,68,None,None,None
263_3_2.pts,68,None,None,None
263_4_1.pts,68,None,None,None
263_4_2.pts,68,None,None,None
264_1_1.pts,68,None,None,None
264_1_2.pts,68,None,None,None
264_2_1.pts,68,None,None,None
264_2_2.pts,68,None,None,None
264_3_1.pts,68,None,None,None
264_3_2.pts,68,None,None,None
264_4_1.pts,68,None,None,None
264_4_2.pts,68,None,None,None
266_1_1.pts,68,None,None,None
266_1_2.pts,68,None,None,None
266_2_1.pts,68,None,None,None
266_2_2.pts,68,None,None,None
266_3_1.pts,68,None,None,None
266_3_2.pts,68,None,None,None
266_4_1.pts,68,None,None,None
266_4_2.pts,68,None,None,None
267_1_1.pts,68,None,None,None
267_1_2.pts,68,None,None,None
267_2_1.pts,68,None,None,None
267_2_2.pts,68,None,None,None
267_3_1.pts,68,None,None,None
267_3_2.pts,68,None,None,None
267_4_1.pts,68,None,None,None
267_4_2.pts,68,None,None,None
269_1_1.pts,68,None,None,None
269_1_2.pts,68,None,None,None
269_2_1.pts,68,None,None,None
269_2_2.pts,68,None,None,None
269_3_1.pts,68,None,None,None
269_3_2.pts,68,None,None,None
269_4_1.pts,68,None,None,None
269_4_2.pts,68,None,None,None
270_1_1.pts,68,None,None,None
270_1_2.pts,68,None,None,None
270_2_1.pts,68,None,None,None
270_2_2.pts,68,None,None,None
270_3_1.pts,68,None,None,None
270_3_2.pts,68,None,None,None
270_4_1.pts,68,None,None,None
270_4_2.pts,68,None,None,None
271_1_1.pts,68,None,None,None
271_1_2.pts,68,None,None,None
271_2_1.pts,68,None,None,None
271_2_2.pts,68,None,None,None
271_3_1.pts,68,None,None,None
271_3_2.pts,68,None,None,None
271_4_1.pts,68,None,None,None
271_4_2.pts,68,None,None,None
272_1_1.pts,68,None,None,None
272_1_2.pts,68,None,None,None
272_2_1.pts,68,None,None,None
272_2_2.pts,68,None,None,None
272_3_1.pts,68,None,None,None
272_3_2.pts,68,None,None,None
272_4_1.pts,68,None,None,None
272_4_2.pts,68,None,None,None
274_1_1.pts,68,None,None,None
274_1_2.pts,68,None,None,None
274_2_1.pts,68,None,None,None
274_2_2.pts,68,None,None,None
274_3_1.pts,68,None,None,None
274_3_2.pts,68,None,None,None
274_4_1.pts,68,None,None,None
274_4_2.pts,68,None,None,None
275_1_1.pts,68,None,None,None
275_1_2.pts,68,None,None,None
275_2_1.pts,68,None,None,None
275_2_2.pts,68,None,None,None
275_3_1.pts,68,None,None,None
275_3_2.pts,68,None,None,None
275_4_1.pts,68,None,None,None
275_4_2.pts,68,None,None,None
276_1_1.pts,68,None,None,None
276_1_2.pts,68,None,None,None
276_2_1.pts,68,None,None,None
276_2_2.pts,68,None,None,None
276_3_1.pts,68,None,None,None
276_3_2.pts,68,None,None,None
276_4_1.pts,68,None,None,None
276_4_2.pts,68,None,None,None
278_1_1.pts,68,None,None,None
278_1_2.pts,68,None,None,None
278_2_1.pts,68,None,None,None
278_2_2.pts,68,None,None,None
278_3_1.pts,68,None,None,None
278_3_2.pts,68,None,None,None
278_4_1.pts,68,None,None,None
278_4_2.pts,68,None,None,None
279_1_1.pts,68,None,None,None
279_1_2.pts,68,None,None,None
279_2_1.pts,68,None,None,None
279_2_2.pts,68,None,None,None
279_3_1.pts,68,None,None,None
279_3_2.pts,68,None,None,None
279_4_1.pts,68,None,None,None
279_4_2.pts,68,None,None,None
280_1_1.pts,68,None,None,None
280_1_2.pts,68,None,None,None
280_2_1.pts,68,None,None,None
280_2_2.pts,68,None,None,None
280_3_1.pts,68,None,None,None
280_3_2.pts,68,None,None,None
280_4_1.pts,68,None,None,None
280_4_2.pts,68,None,None,None
281_1_1.pts,68,None,None,None
281_1_2.pts,68,None,None,None
281_2_1.pts,68,None,None,None
281_2_2.pts,68,None,None,None
281_3_1.pts,68,None,None,None
281_3_2.pts,68,None,None,None
281_4_1.pts,68,None,None,None
281_4_2.pts,68,None,None,None
282_1_1.pts,68,None,None,None
282_1_2.pts,68,None,None,None
282_2_1.pts,68,None,None,None
282_2_2.pts,68,None,None,None
282_3_1.pts,68,None,None,None
282_3_2.pts,68,None,None,None
282_4_1.pts,68,None,None,None
282_4_2.pts,68,None,None,None
283_1_1.pts,68,None,None,None
283_1_2.pts,68,None,None,None
283_2_1.pts,68,None,None,None
283_2_2.pts,68,None,None,None
283_3_1.pts,68,None,None,None
283_3_2.pts,68,None,None,None
283_4_1.pts,68,None,None,None
283_4_2.pts,68,None,None,None
284_1_1.pts,68,None,None,None
284_1_2.pts,68,None,None,None
284_2_1.pts,68,None,None,None
284_2_2.pts,68,None,None,None
284_3_1.pts,68,None,None,None
284_3_2.pts,68,None,None,None
284_4_1.pts,68,None,None,None
284_4_2.pts,68,None,None,None
285_1_1.pts,68,None,None,None
285_1_2.pts,68,None,None,None
285_2_1.pts,68,None,None,None
285_2_2.pts,68,None,None,None
285_3_1.pts,68,None,None,None
285_3_2.pts,68,None,None,None
285_4_1.pts,68,None,None,None
285_4_2.pts,68,None,None,None
286_1_1.pts,68,None,None,None
286_1_2.pts,68,None,None,None
286_2_1.pts,68,None,None,None
286_2_2.pts,68,None,None,None
286_3_1.pts,68,None,None,None
286_3_2.pts,68,None,None,None
286_4_1.pts,68,None,None,None
286_4_2.pts,68,None,None,None
287_1_1.pts,68,None,None,None
287_1_2.pts,68,None,None,None
287_2_1.pts,68,None,None,None
287_2_2.pts,68,None,None,None
287_3_1.pts,68,None,None,None
287_3_2.pts,68,None,None,None
287_4_1.pts,68,None,None,None
287_4_2.pts,68,None,None,None
288_1_1.pts,68,None,None,None
288_1_2.pts,68,None,None,None
288_2_1.pts,68,None,None,None
288_2_2.pts,68,None,None,None
288_3_1.pts,68,None,None,None
288_3_2.pts,68,None,None,None
288_4_1.pts,68,None,None,None
288_4_2.pts,68,None,None,None
289_1_1.pts,68,None,None,None
289_1_2.pts,68,None,None,None
289_2_1.pts,68,None,None,None
289_2_2.pts,68,None,None,None
289_3_1.pts,68,None,None,None
289_3_2.pts,68,None,None,None
289_4_1.pts,68,None,None,None
289_4_2.pts,68,None,None,None
290_1_1.pts,68,None,None,None
290_1_2.pts,68,None,None,None
290_2_1.pts,68,None,None,None
290_2_2.pts,68,None,None,None
290_3_1.pts,68,None,None,None
290_3_2.pts,68,None,None,None
290_4_1.pts,68,None,None,None
290_4_2.pts,68,None,None,None
292_1_1.pts,68,None,None,None
292_1_2.pts,68,None,None,None
292_2_1.pts,68,None,None,None
292_2_2.pts,68,None,None,None
292_3_1.pts,68,None,None,None
292_3_2.pts,68,None,None,None
292_4_1.pts,68,None,None,None
292_4_2.pts,68,None,None,None
293_1_1.pts,68,None,None,None
293_1_2.pts,68,None,None,None
293_2_1.pts,68,None,None,None
293_2_2.pts,68,None,None,None
293_3_1.pts,68,None,None,None
293_3_2.pts,68,None,None,None
293_4_1.pts,68,None,None,None
293_4_2.pts,68,None,None,None
295_1_1.pts,68,None,None,None
295_1_2.pts,68,None,None,None
295_2_1.pts,68,None,None,None
295_2_2.pts,68,None,None,None
295_3_1.pts,68,None,None,None
295_3_2.pts,68,None,None,None
295_4_1.pts,68,None,None,None
295_4_2.pts,68,None,None,None
300_1_1.pts,68,None,None,None
300_1_2.pts,68,None,None,None
300_2_1.pts,68,None,None,None
300_2_2.pts,68,None,None,None
300_3_1.pts,68,None,None,None
300_3_2.pts,68,None,None,None
300_4_1.pts,68,None,None,None
300_4_2.pts,68,None,None,None
301_1_1.pts,68,None,None,None
301_1_2.pts,68,None,None,None
301_2_1.pts,68,None,None,None
301_2_2.pts,68,None,None,None
301_3_1.pts,68,None,None,None
301_3_2.pts,68,None,None,None
301_4_1.pts,68,None,None,None
301_4_2.pts,68,None,None,None
305_1_1.pts,68,None,None,None
305_1_2.pts,68,None,None,None
305_2_1.pts,68,None,None,None
305_2_2.pts,68,None,None,None
305_3_1.pts,68,None,None,None
305_3_2.pts,68,None,None,None
305_4_1.pts,68,None,None,None
305_4_2.pts,68,None,None,None
310_1_1.pts,68,None,None,None
310_1_2.pts,68,None,None,None
310_2_1.pts,68,None,None,None
310_2_2.pts,68,None,None,None
310_3_1.pts,68,None,None,None
310_3_2.pts,68,None,None,None
310_4_1.pts,68,None,None,None
310_4_2.pts,68,None,None,None
312_1_1.pts,68,None,None,None
312_1_2.pts,68,None,None,None
312_2_1.pts,68,None,None,None
312_2_2.pts,68,None,None,None
312_3_1.pts,68,None,None,None
312_3_2.pts,68,None,None,None
312_4_1.pts,68,None,None,None
312_4_2.pts,68,None,None,None
313_1_1.pts,68,None,None,None
313_1_2.pts,68,None,None,None
313_2_1.pts,68,None,None,None
313_2_2.pts,68,None,None,None
313_3_1.pts,68,None,None,None
313_3_2.pts,68,None,None,None
313_4_1.pts,68,None,None,None
313_4_2.pts,68,None,None,None
314_1_1.pts,68,None,None,None
314_1_2.pts,68,None,None,None
314_2_1.pts,68,None,None,None
314_2_2.pts,68,None,None,None
314_3_1.pts,68,None,None,None
314_3_2.pts,68,None,None,None
314_4_1.pts,68,None,None,None
314_4_2.pts,68,None,None,None
315_1_1.pts,68,None,None,None
315_1_2.pts,68,None,None,None
315_2_1.pts,68,None,None,None
315_2_2.pts,68,None,None,None
315_3_1.pts,68,None,None,None
315_3_2.pts,68,None,None,None
315_4_1.pts,68,None,None,None
315_4_2.pts,68,None,None,None
316_1_1.pts,68,None,None,None
316_1_2.pts,68,None,None,None
316_2_1.pts,68,None,None,None
316_2_2.pts,68,None,None,None
316_3_1.pts,68,None,None,None
316_3_2.pts,68,None,None,None
316_4_1.pts,68,None,None,None
316_4_2.pts,68,None,None,None
317_1_1.pts,68,None,None,None
317_1_2.pts,68,None,None,None
317_2_1.pts,68,None,None,None
317_2_2.pts,68,None,None,None
317_3_1.pts,68,None,None,None
317_3_2.pts,68,None,None,None
317_4_1.pts,68,None,None,None
317_4_2.pts,68,None,None,None
318_1_1.pts,68,None,None,None
318_1_2.pts,68,None,None,None
318_2_1.pts,68,None,None,None
318_2_2.pts,68,None,None,None
318_3_1.pts,68,None,None,None
318_3_2.pts,68,None,None,None
318_4_1.pts,68,None,None,None
318_4_2.pts,68,None,None,None
319_1_1.pts,68,None,None,None
319_1_2.pts,68,None,None,None
319_2_1.pts,68,None,None,None
319_2_2.pts,68,None,None,None
319_3_1.pts,68,None,None,None
319_3_2.pts,68,None,None,None
319_4_1.pts,68,None,None,None
319_4_2.pts,68,None,None,None
320_1_1.pts,68,None,None,None
320_1_2.pts,68,None,None,None
320_2_1.pts,68,None,None,None
320_2_2.pts,68,None,None,None
320_3_1.pts,68,None,None,None
320_3_2.pts,68,None,None,None
320_4_1.pts,68,None,None,None
320_4_2.pts,68,None,None,None
321_1_1.pts,68,None,None,None
321_1_2.pts,68,None,None,None
321_2_1.pts,68,None,None,None
321_2_2.pts,68,None,None,None
321_3_1.pts,68,None,None,None
321_3_2.pts,68,None,None,None
321_4_1.pts,68,None,None,None
321_4_2.pts,68,None,None,None
322_1_1.pts,68,None,None,None
322_1_2.pts,68,None,None,None
322_2_1.pts,68,None,None,None
322_2_2.pts,68,None,None,None
322_3_1.pts,68,None,None,None
322_3_2.pts,68,None,None,None
322_4_1.pts,68,None,None,None
322_4_2.pts,68,None,None,None
323_1_1.pts,68,None,None,None
323_1_2.pts,68,None,None,None
323_2_1.pts,68,None,None,None
323_2_2.pts,68,None,None,None
323_3_1.pts,68,None,None,None
323_3_2.pts,68,None,None,None
323_4_1.pts,68,None,None,None
323_4_2.pts,68,None,None,None
324_1_1.pts,68,None,None,None
324_1_2.pts,68,None,None,None
324_2_1.pts,68,None,None,None
324_2_2.pts,68,None,None,None
324_3_1.pts,68,None,None,None
324_3_2.pts,68,None,None,None
324_4_1.pts,68,None,None,None
324_4_2.pts,68,None,None,None
325_1_1.pts,68,None,None,None
325_1_2.pts,68,None,None,None
325_2_1.pts,68,None,None,None
325_2_2.pts,68,None,None,None
325_3_1.pts,68,None,None,None
325_3_2.pts,68,None,None,None
325_4_1.pts,68,None,None,None
325_4_2.pts,68,None,None,None
328_1_1.pts,68,None,None,None
328_1_2.pts,68,None,None,None
328_2_1.pts,68,None,None,None
328_2_2.pts,68,None,None,None
328_3_1.pts,68,None,None,None
328_3_2.pts,68,None,None,None
328_4_1.pts,68,None,None,None
328_4_2.pts,68,None,None,None
329_1_1.pts,68,None,None,None
329_1_2.pts,68,None,None,None
329_2_1.pts,68,None,None,None
329_2_2.pts,68,None,None,None
329_3_1.pts,68,None,None,None
329_3_2.pts,68,None,None,None
329_4_1.pts,68,None,None,None
329_4_2.pts,68,None,None,None
330_1_1.pts,68,None,None,None
330_1_2.pts,68,None,None,None
330_2_1.pts,68,None,None,None
330_2_2.pts,68,None,None,None
330_3_1.pts,68,None,None,None
330_3_2.pts,68,None,None,None
330_4_1.pts,68,None,None,None
330_4_2.pts,68,None,None,None
331_1_1.pts,68,None,None,None
331_1_2.pts,68,None,None,None
331_2_1.pts,68,None,None,None
331_2_2.pts,68,None,None,None
331_3_1.pts,68,None,None,None
331_3_2.pts,68,None,None,None
331_4_1.pts,68,None,None,None
331_4_2.pts,68,None,None,None
332_1_1.pts,68,None,None,None
332_1_2.pts,68,None,None,None
332_2_1.pts,68,None,None,None
332_2_2.pts,68,None,None,None
332_3_1.pts,68,None,None,None
332_3_2.pts,68,None,None,None
332_4_1.pts,68,None,None,None
332_4_2.pts,68,None,None,None
333_1_1.pts,68,None,None,None
333_1_2.pts,68,None,None,None
333_2_1.pts,68,None,None,None
333_2_2.pts,68,None,None,None
333_3_1.pts,68,None,None,None
333_3_2.pts,68,None,None,None
333_4_1.pts,68,None,None,None
333_4_2.pts,68,None,None,None
334_1_1.pts,68,None,None,None
334_1_2.pts,68,None,None,None
334_2_1.pts,68,None,None,None
334_2_2.pts,68,None,None,None
334_3_1.pts,68,None,None,None
334_3_2.pts,68,None,None,None
334_4_1.pts,68,None,None,None
334_4_2.pts,68,None,None,None
335_1_1.pts,68,None,None,None
335_1_2.pts,68,None,None,None
335_2_1.pts,68,None,None,None
335_2_2.pts,68,None,None,None
335_3_1.pts,68,None,None,None
335_3_2.pts,68,None,None,None
335_4_1.pts,68,None,None,None
335_4_2.pts,68,None,None,None
336_1_1.pts,68,None,None,None
336_1_2.pts,68,None,None,None
336_2_1.pts,68,None,None,None
336_2_2.pts,68,None,None,None
336_3_1.pts,68,None,None,None
336_3_2.pts,68,None,None,None
336_4_1.pts,68,None,None,None
336_4_2.pts,68,None,None,None
337_1_1.pts,68,None,None,None
337_1_2.pts,68,None,None,None
337_2_1.pts,68,None,None,None
337_2_2.pts,68,None,None,None
337_3_1.pts,68,None,None,None
337_3_2.pts,68,None,None,None
337_4_1.pts,68,None,None,None
337_4_2.pts,68,None,None,None
338_1_1.pts,68,None,None,None
338_1_2.pts,68,None,None,None
338_2_1.pts,68,None,None,None
338_2_2.pts,68,None,None,None
338_3_1.pts,68,None,None,None
338_3_2.pts,68,None,None,None
338_4_1.pts,68,None,None,None
338_4_2.pts,68,None,None,None
339_1_1.pts,68,None,None,None
339_1_2.pts,68,None,None,None
339_2_1.pts,68,None,None,None
339_2_2.pts,68,None,None,None
339_3_1.pts,68,None,None,None
339_3_2.pts,68,None,None,None
339_4_1.pts,68,None,None,None
339_4_2.pts,68,None,None,None
340_1_1.pts,68,None,None,None
340_1_2.pts,68,None,None,None
340_2_1.pts,68,None,None,None
340_2_2.pts,68,None,None,None
340_3_1.pts,68,None,None,None
340_3_2.pts,68,None,None,None
340_4_1.pts,68,None,None,None
340_4_2.pts,68,None,None,None
341_1_1.pts,68,None,None,None
341_1_2.pts,68,None,None,None
341_2_1.pts,68,None,None,None
341_2_2.pts,68,None,None,None
341_3_1.pts,68,None,None,None
341_3_2.pts,68,None,None,None
341_4_1.pts,68,None,None,None
341_4_2.pts,68,None,None,None
342_1_1.pts,68,None,None,None
342_1_2.pts,68,None,None,None
342_2_1.pts,68,None,None,None
342_2_2.pts,68,None,None,None
342_3_1.pts,68,None,None,None
342_3_2.pts,68,None,None,None
342_4_1.pts,68,None,None,None
342_4_2.pts,68,None,None,None
357_1_1.pts,68,None,None,None
357_1_2.pts,68,None,None,None
357_2_1.pts,68,None,None,None
357_2_2.pts,68,None,None,None
357_3_1.pts,68,None,None,None
357_3_2.pts,68,None,None,None
357_4_1.pts,68,None,None,None
357_4_2.pts,68,None,None,None
358_1_1.pts,68,None,None,None
358_1_2.pts,68,None,None,None
358_2_1.pts,68,None,None,None
358_2_2.pts,68,None,None,None
358_3_1.pts,68,None,None,None
358_3_2.pts,68,None,None,None
358_4_1.pts,68,None,None,None
358_4_2.pts,68,None,None,None
359_1_1.pts,68,None,None,None
359_1_2.pts,68,None,None,None
359_2_1.pts,68,None,None,None
359_2_2.pts,68,None,None,None
359_3_1.pts,68,None,None,None
359_3_2.pts,68,None,None,None
359_4_1.pts,68,None,None,None
359_4_2.pts,68,None,None,None
360_1_1.pts,68,None,None,None
360_1_2.pts,68,None,None,None
360_2_1.pts,68,None,None,None
360_2_2.pts,68,None,None,None
360_3_1.pts,68,None,None,None
360_3_2.pts,68,None,None,None
360_4_1.pts,68,None,None,None
360_4_2.pts,68,None,None,None
362_1_1.pts,68,None,None,None
362_1_2.pts,68,None,None,None
362_2_1.pts,68,None,None,None
362_2_2.pts,68,None,None,None
362_3_1.pts,68,None,None,None
362_3_2.pts,68,None,None,None
362_4_1.pts,68,None,None,None
362_4_2.pts,68,None,None,None
364_1_1.pts,68,None,None,None
364_1_2.pts,68,None,None,None
364_2_1.pts,68,None,None,None
364_2_2.pts,68,None,None,None
364_3_1.pts,68,None,None,None
364_3_2.pts,68,None,None,None
364_4_1.pts,68,None,None,None
364_4_2.pts,68,None,None,None
365_1_1.pts,68,None,None,None
365_1_2.pts,68,None,None,None
365_2_1.pts,68,None,None,None
365_2_2.pts,68,None,None,None
365_3_1.pts,68,None,None,None
365_3_2.pts,68,None,None,None
365_4_1.pts,68,None,None,None
365_4_2.pts,68,None,None,None
366_1_1.pts,68,None,None,None
366_1_2.pts,68,None,None,None
366_2_1.pts,68,None,None,None
366_2_2.pts,68,None,None,None
366_3_1.pts,68,None,None,None
366_3_2.pts,68,None,None,None
366_4_1.pts,68,None,None,None
366_4_2.pts,68,None,None,None
367_1_1.pts,68,None,None,None
367_1_2.pts,68,None,None,None
367_2_1.pts,68,None,None,None
367_2_2.pts,68,None,None,None
367_3_1.pts,68,None,None,None
367_3_2.pts,68,None,None,None
367_4_1.pts,68,None,None,None
367_4_2.pts,68,None,None,None
369_1_1.pts,68,None,None,None
369_1_2.pts,68,None,None,None
369_2_1.pts,68,None,None,None
369_2_2.pts,68,None,None,None
369_3_1.pts,68,None,None,None
369_3_2.pts,68,None,None,None
369_4_1.pts,68,None,None,None
369_4_2.pts,68,None,None,None
370_1_1.pts,68,None,None,None
370_1_2.pts,68,None,None,None
370_2_1.pts,68,None,None,None
370_2_2.pts,68,None,None,None
370_3_1.pts,68,None,None,None
370_3_2.pts,68,None,None,None
370_4_1.pts,68,None,None,None
370_4_2.pts,68,None,None,None
371_1_1.pts,68,None,None,None
371_1_2.pts,68,None,None,None
371_2_1.pts,68,None,None,None
371_2_2.pts,68,None,None,None
371_3_1.pts,68,None,None,None
371_3_2.pts,68,None,None,None
371_4_1.pts,68,None,None,None
371_4_2.pts,68,None,None,None
