label,object
01_frame_00043.jpg.xml,bending
01_frame_00075.jpg.xml,normal
01_frame_00232.jpg.xml,normal
01_frame_00295.jpg.xml,normal
01_frame_00368.jpg.xml,normal
01_frame_00710.jpg.xml,bending
01_frame_00715.jpg.xml,bending
01_frame_00717.jpg.xml,bending
01_frame_00718.jpg.xml,bending
01_frame_00719.jpg.xml,bending
01_frame_00720.jpg.xml,bending
01_frame_00721.jpg.xml,bending
01_frame_00723.jpg.xml,bending
01_frame_00724.jpg.xml,bending
01_frame_00731.jpg.xml,bending
01_frame_00754.jpg.xml,bending
01_frame_00768.jpg.xml,normal
01_frame_00771.jpg.xml,normal
01_frame_00792.jpg.xml,bending
01_frame_00808.jpg.xml,bending
01_frame_00810.jpg.xml,bending
01_frame_00815.jpg.xml,bending
01_frame_00821.jpg.xml,bending
01_frame_00882.jpg.xml,bending
01_frame_00890.jpg.xml,bending
01_frame_00891.jpg.xml,bending
01_frame_00894.jpg.xml,bending
01_frame_00905.jpg.xml,bending
01_frame_00912.jpg.xml,bending
01_frame_00918.jpg.xml,bending
01_frame_00921.jpg.xml,bending
01_frame_00926.jpg.xml,bending
01_frame_00930.jpg.xml,bending
01_frame_00944.jpg.xml,bending
01_frame_00971.jpg.xml,bending
01_frame_00973.jpg.xml,bending
01_frame_01034.jpg.xml,bending
01_frame_01492.jpg.xml,bending
01_frame_01494.jpg.xml,bending
01_frame_01508.jpg.xml,bending
01_frame_01621.jpg.xml,bending
01_frame_01806.jpg.xml,bending
01_frame_01811.jpg.xml,bending
01_frame_01818.jpg.xml,bending
01_frame_01821.jpg.xml,bending
01_frame_01825.jpg.xml,bending
01_frame_01829.jpg.xml,changing glass
01_frame_02024.jpg.xml,normal
01_frame_02206.jpg.xml,bending
01_frame_02218.jpg.xml,bending
01_frame_02227.jpg.xml,bending
01_frame_02230.jpg.xml,bending
01_frame_02236.jpg.xml,bending
01_frame_02241.jpg.xml,bending
01_frame_02246.jpg.xml,bending
01_frame_02256.jpg.xml,bending
01_frame_02398.jpg.xml,bending
01_frame_02399.jpg.xml,bending
01_frame_02424.jpg.xml,changing glass
01_frame_02436.jpg.xml,bending
01_frame_02437.jpg.xml,bending
01_frame_02440.jpg.xml,bending
01_frame_02447.jpg.xml,bending
01_frame_02449.jpg.xml,bending
01_frame_02507.jpg.xml,bending
01_frame_02517.jpg.xml,bending
01_frame_02521.jpg.xml,bending
01_frame_02610.jpg.xml,bending
01_frame_02615.jpg.xml,bending
01_frame_02732.jpg.xml,bending
01_frame_02733.jpg.xml,bending
01_frame_02735.jpg.xml,bending
01_frame_02945.jpg.xml,bending
01_frame_02996.jpg.xml,bending
01_frame_03056.jpg.xml,bending
01_frame_03077.jpg.xml,bending
01_frame_03087.jpg.xml,bending
01_frame_03105.jpg.xml,bending
01_frame_03108.jpg.xml,bending
01_frame_03129.jpg.xml,bending
01_frame_03138.jpg.xml,bending
01_frame_03155.jpg.xml,bending
01_frame_03156.jpg.xml,bending
01_frame_03163.jpg.xml,bending
01_frame_03166.jpg.xml,bending
01_frame_03174.jpg.xml,bending
01_frame_03203.jpg.xml,bending
01_frame_03205.jpg.xml,bending
01_frame_03206.jpg.xml,bending
01_frame_03207.jpg.xml,bending
01_frame_03209.jpg.xml,bending
01_frame_03214.jpg.xml,bending
01_frame_03220.jpg.xml,bending
01_frame_03566.jpg.xml,normal
01_frame_03637.jpg.xml,bending
01_frame_03747.jpg.xml,normal
01_frame_03753.jpg.xml,normal
02_frame_00586.jpg.xml,normal
02_frame_00832.jpg.xml,normal
02_frame_01323.jpg.xml,bending
02_frame_01556.jpg.xml,normal
02_frame_01565.jpg.xml,normal
02_frame_01571.jpg.xml,normal
02_frame_01637.jpg.xml,bending
02_frame_01650.jpg.xml,bending
02_frame_01676.jpg.xml,bending
02_frame_01678.jpg.xml,bending
02_frame_01690.jpg.xml,bending
02_frame_01693.jpg.xml,bending
02_frame_01699.jpg.xml,bending
02_frame_01701.jpg.xml,bending
02_frame_01705.jpg.xml,bending
02_frame_01707.jpg.xml,bending
02_frame_01714.jpg.xml,bending
02_frame_01716.jpg.xml,bending
02_frame_01873.jpg.xml,bending
02_frame_02026.jpg.xml,bending
02_frame_02051.jpg.xml,bending
02_frame_02052.jpg.xml,bending
02_frame_02475.jpg.xml,bending
02_frame_02489.jpg.xml,bending
02_frame_02500.jpg.xml,bending
02_frame_02505.jpg.xml,bending
02_frame_02506.jpg.xml,bending
02_frame_02513.jpg.xml,bending
02_frame_02518.jpg.xml,bending
02_frame_02524.jpg.xml,bending
02_frame_02560.jpg.xml,bending
02_frame_02562.jpg.xml,bending
02_frame_02566.jpg.xml,bending
02_frame_02567.jpg.xml,bending
02_frame_02570.jpg.xml,bending
02_frame_02571.jpg.xml,bending
02_frame_02572.jpg.xml,bending
02_frame_02580.jpg.xml,bending
02_frame_02584.jpg.xml,bending
02_frame_02621.jpg.xml,normal
02_frame_02669.jpg.xml,bending
02_frame_02671.jpg.xml,bending
02_frame_02674.jpg.xml,bending
02_frame_02678.jpg.xml,bending
02_frame_02679.jpg.xml,bending
02_frame_02684.jpg.xml,bending
02_frame_03107.jpg.xml,normal
02_frame_03853.jpg.xml,bending
02_frame_03961.jpg.xml,bending
02_frame_03976.jpg.xml,bending
vp1_0_10.jpg.xml,drinking
vp1_0_11.jpg.xml,drinking
vp1_0_117.jpg.xml,eating
vp1_0_118.jpg.xml,normal
vp1_0_119.jpg.xml,normal
vp1_0_12.jpg.xml,drinking
vp1_0_120.jpg.xml,normal
vp1_0_13.jpg.xml,drinking
vp1_0_130.jpg.xml,drinking
vp1_0_131.jpg.xml,drinking
vp1_0_132.jpg.xml,drinking
vp1_0_133.jpg.xml,drinking
vp1_0_134.jpg.xml,drinking
vp1_0_135.jpg.xml,drinking
vp1_0_136.jpg.xml,drinking
vp1_0_137.jpg.xml,drinking
vp1_0_138.jpg.xml,drinking
vp1_0_139.jpg.xml,drinking
vp1_0_14.jpg.xml,drinking
vp1_0_140.jpg.xml,drinking
vp1_0_141.jpg.xml,drinking
vp1_0_142.jpg.xml,drinking
vp1_0_143.jpg.xml,drinking
vp1_0_144.jpg.xml,drinking
vp1_0_145.jpg.xml,drinking
vp1_0_146.jpg.xml,drinking
vp1_0_147.jpg.xml,drinking
vp1_0_148.jpg.xml,drinking
vp1_0_149.jpg.xml,drinking
vp1_0_15.jpg.xml,drinking
vp1_0_150.jpg.xml,normal
vp1_0_151.jpg.xml,normal
vp1_0_152.jpg.xml,normal
vp1_0_158.jpg.xml,normal
vp1_0_159.jpg.xml,normal
vp1_0_16.jpg.xml,drinking
vp1_0_163.jpg.xml,drinking
vp1_0_164.jpg.xml,drinking
vp1_0_165.jpg.xml,drinking
vp1_0_166.jpg.xml,drinking
vp1_0_167.jpg.xml,drinking
vp1_0_168.jpg.xml,drinking
vp1_0_169.jpg.xml,drinking
vp1_0_17.jpg.xml,drinking
vp1_0_170.jpg.xml,drinking
vp1_0_171.jpg.xml,drinking
vp1_0_172.jpg.xml,drinking
vp1_0_173.jpg.xml,drinking
vp1_0_174.jpg.xml,drinking
vp1_0_175.jpg.xml,drinking
vp1_0_176.jpg.xml,drinking
vp1_0_177.jpg.xml,drinking
vp1_0_18.jpg.xml,drinking
vp1_0_19.jpg.xml,drinking
vp1_0_20.jpg.xml,drinking
vp1_0_220.jpg.xml,eating
vp1_0_221.jpg.xml,eating
vp1_0_222.jpg.xml,eating
vp1_0_230.jpg.xml,eating
vp1_0_231.jpg.xml,eating
vp1_0_267.jpg.xml,drinking
vp1_0_268.jpg.xml,drinking
vp1_0_269.jpg.xml,drinking
vp1_0_27.jpg.xml,eating
vp1_0_270.jpg.xml,drinking
vp1_0_271.jpg.xml,drinking
vp1_0_272.jpg.xml,drinking
vp1_0_273.jpg.xml,drinking
vp1_0_274.jpg.xml,drinking
vp1_0_275.jpg.xml,drinking
vp1_0_276.jpg.xml,drinking
vp1_0_277.jpg.xml,drinking
vp1_0_278.jpg.xml,drinking
vp1_0_279.jpg.xml,drinking
vp1_0_28.jpg.xml,eating
vp1_0_280.jpg.xml,drinking
vp1_0_29.jpg.xml,eating
vp1_0_3.jpg.xml,drinking
vp1_0_4.jpg.xml,drinking
vp1_0_45.jpg.xml,normal
vp1_0_46.jpg.xml,eating
vp1_0_5.jpg.xml,drinking
vp1_0_50.jpg.xml,normal
vp1_0_6.jpg.xml,drinking
vp1_0_7.jpg.xml,drinking
vp1_0_8.jpg.xml,drinking
vp1_0_83.jpg.xml,eating
vp1_0_84.jpg.xml,eating
vp1_0_85.jpg.xml,eating
vp1_0_86.jpg.xml,eating
vp1_0_87.jpg.xml,eating
vp1_0_9.jpg.xml,drinking
vp1_1_113.jpg.xml,normal
vp1_1_114.jpg.xml,drinking
vp1_1_115.jpg.xml,drinking
vp1_1_116.jpg.xml,drinking
vp1_1_117.jpg.xml,drinking
vp1_1_118.jpg.xml,drinking
vp1_1_119.jpg.xml,drinking
vp1_1_120.jpg.xml,drinking
vp1_1_121.jpg.xml,drinking
vp1_1_122.jpg.xml,drinking
vp1_1_123.jpg.xml,drinking
vp1_1_124.jpg.xml,drinking
vp1_1_125.jpg.xml,drinking
vp1_1_126.jpg.xml,drinking
vp1_1_127.jpg.xml,drinking
vp1_1_128.jpg.xml,drinking
vp1_1_129.jpg.xml,drinking
vp1_1_130.jpg.xml,drinking
vp1_1_131.jpg.xml,drinking
vp1_1_132.jpg.xml,drinking
vp1_1_133.jpg.xml,drinking
vp1_1_134.jpg.xml,drinking
vp1_1_135.jpg.xml,drinking
vp1_1_136.jpg.xml,normal
vp1_1_137.jpg.xml,drinking
vp1_1_138.jpg.xml,drinking
vp1_1_139.jpg.xml,drinking
vp1_1_140.jpg.xml,drinking
vp1_1_141.jpg.xml,drinking
vp1_1_142.jpg.xml,drinking
vp1_1_143.jpg.xml,drinking
vp1_1_144.jpg.xml,drinking
vp1_1_24.jpg.xml,eating
vp1_1_25.jpg.xml,eating
vp1_1_3.jpg.xml,eating
vp1_1_4.jpg.xml,eating
vp1_1_5.jpg.xml,normal
vp1_1_6.jpg.xml,eating
vp1_1_62.jpg.xml,eating
vp1_1_63.jpg.xml,eating
vp1_1_64.jpg.xml,eating
vp1_1_90.jpg.xml,normal
vp1_1_91.jpg.xml,eating
vp1_1_92.jpg.xml,eating
vp1_1_93.jpg.xml,eating
vp1_1_94.jpg.xml,eating
03_frame_00026.jpg.xml,bending
03_frame_00071.jpg.xml,normal
03_frame_00559.jpg.xml,normal
03_frame_00563.jpg.xml,normal
03_frame_00688.jpg.xml,normal
03_frame_00690.jpg.xml,normal
03_frame_00870.jpg.xml,normal
03_frame_01116.jpg.xml,changing glass
03_frame_01176.jpg.xml,normal
03_frame_01251.jpg.xml,bending
03_frame_01253.jpg.xml,normal
03_frame_01285.jpg.xml,bending
03_frame_01287.jpg.xml,bending
03_frame_01289.jpg.xml,bending
03_frame_01293.jpg.xml,bending
03_frame_01297.jpg.xml,bending
03_frame_01304.jpg.xml,bending
03_frame_01306.jpg.xml,bending
03_frame_01317.jpg.xml,bending
03_frame_01324.jpg.xml,bending
03_frame_01328.jpg.xml,bending
03_frame_01392.jpg.xml,bending
03_frame_01400.jpg.xml,bending
03_frame_01401.jpg.xml,bending
03_frame_01404.jpg.xml,bending
03_frame_01444.jpg.xml,bending
03_frame_01485.jpg.xml,bending
03_frame_01488.jpg.xml,bending
03_frame_01789.jpg.xml,normal
03_frame_02046.jpg.xml,bending
03_frame_02121.jpg.xml,normal
03_frame_02125.jpg.xml,normal
03_frame_02128.jpg.xml,normal
03_frame_02293.jpg.xml,normal
03_frame_02294.jpg.xml,normal
03_frame_02298.jpg.xml,normal
03_frame_02299.jpg.xml,normal
03_frame_02303.jpg.xml,bending
03_frame_02337.jpg.xml,normal
03_frame_02338.jpg.xml,normal
03_frame_02351.jpg.xml,normal
03_frame_02415.jpg.xml,bending
03_frame_02416.jpg.xml,bending
03_frame_02417.jpg.xml,bending
03_frame_02419.jpg.xml,bending
03_frame_02455.jpg.xml,bending
03_frame_02460.jpg.xml,bending
03_frame_02462.jpg.xml,bending
03_frame_02464.jpg.xml,bending
03_frame_02468.jpg.xml,bending
03_frame_02471.jpg.xml,bending
03_frame_02478.jpg.xml,bending
03_frame_02481.jpg.xml,bending
03_frame_02482.jpg.xml,bending
03_frame_02487.jpg.xml,bending
03_frame_02545.jpg.xml,bending
03_frame_02558.jpg.xml,bending
03_frame_02565.jpg.xml,bending
03_frame_02569.jpg.xml,bending
03_frame_02571.jpg.xml,bending
03_frame_02577.jpg.xml,bending
03_frame_02583.jpg.xml,bending
03_frame_02597.jpg.xml,bending
03_frame_02614.jpg.xml,bending
03_frame_02616.jpg.xml,bending
03_frame_02620.jpg.xml,bending
03_frame_02638.jpg.xml,normal
03_frame_02639.jpg.xml,normal
03_frame_02888.jpg.xml,bending
03_frame_02889.jpg.xml,bending
03_frame_02893.jpg.xml,bending
03_frame_02894.jpg.xml,normal
03_frame_03246.jpg.xml,normal
03_frame_03581.jpg.xml,normal
03_frame_03718.jpg.xml,bending
03_frame_03768.jpg.xml,normal
03_frame_03957.jpg.xml,normal
03_frame_03974.jpg.xml,normal
03_frame_03978.jpg.xml,normal
03_frame_04018.jpg.xml,normal
04_frame_00042.jpg.xml,normal
04_frame_00159.jpg.xml,normal
04_frame_00473.jpg.xml,normal
04_frame_00474.jpg.xml,normal
04_frame_00664.jpg.xml,normal
04_frame_00665.jpg.xml,normal
04_frame_00675.jpg.xml,bending
04_frame_00677.jpg.xml,bending
04_frame_00681.jpg.xml,bending
04_frame_00744.jpg.xml,bending
04_frame_00745.jpg.xml,bending
04_frame_00753.jpg.xml,bending
04_frame_00755.jpg.xml,bending
04_frame_00857.jpg.xml,bending
04_frame_00858.jpg.xml,bending
04_frame_01014.jpg.xml,normal
04_frame_01015.jpg.xml,normal
04_frame_01016.jpg.xml,normal
04_frame_01170.jpg.xml,normal
04_frame_01239.jpg.xml,bending
04_frame_01250.jpg.xml,bending
04_frame_02027.jpg.xml,normal
04_frame_02031.jpg.xml,normal
04_frame_02209.jpg.xml,normal
04_frame_02268.jpg.xml,changing glass
04_frame_02520.jpg.xml,bending
04_frame_02641.jpg.xml,normal
04_frame_02700.jpg.xml,normal
04_frame_02739.jpg.xml,bending
04_frame_02741.jpg.xml,bending
04_frame_02763.jpg.xml,bending
04_frame_02767.jpg.xml,bending
04_frame_02771.jpg.xml,bending
04_frame_02839.jpg.xml,bending
04_frame_02841.jpg.xml,bending
04_frame_02848.jpg.xml,normal
04_frame_02852.jpg.xml,normal
04_frame_03021.jpg.xml,bending
04_frame_03023.jpg.xml,bending
04_frame_03211.jpg.xml,changing glass
04_frame_03299.jpg.xml,normal
04_frame_03367.jpg.xml,normal
04_frame_03368.jpg.xml,normal
04_frame_03502.jpg.xml,normal
04_frame_03532.jpg.xml,normal
04_frame_03581.jpg.xml,normal
04_frame_03655.jpg.xml,normal
04_frame_03680.jpg.xml,normal
04_frame_03688.jpg.xml,normal
04_frame_03702.jpg.xml,normal
04_frame_03722.jpg.xml,normal
04_frame_03726.jpg.xml,normal
04_frame_03732.jpg.xml,bending
04_frame_03740.jpg.xml,bending
04_frame_03782.jpg.xml,bending
04_frame_03823.jpg.xml,normal
04_frame_03829.jpg.xml,bending
04_frame_03844.jpg.xml,bending
04_frame_03852.jpg.xml,bending
04_frame_03874.jpg.xml,bending
04_frame_03915.jpg.xml,bending
04_frame_03944.jpg.xml,bending
04_frame_03948.jpg.xml,bending
04_frame_03952.jpg.xml,bending
04_frame_03958.jpg.xml,bending
04_frame_03989.jpg.xml,bending
04_frame_03990.jpg.xml,bending
vp10_0_10.jpg.xml,drinking
vp10_0_100.jpg.xml,normal
vp10_0_101.jpg.xml,normal
vp10_0_103.jpg.xml,normal
vp10_0_104.jpg.xml,eating
vp10_0_105.jpg.xml,eating
vp10_0_106.jpg.xml,eating
vp10_0_107.jpg.xml,eating
vp10_0_108.jpg.xml,normal
vp10_0_109.jpg.xml,normal
vp10_0_11.jpg.xml,drinking
vp10_0_110.jpg.xml,normal
vp10_0_111.jpg.xml,normal
vp10_0_112.jpg.xml,eating
vp10_0_113.jpg.xml,eating
vp10_0_114.jpg.xml,eating
vp10_0_115.jpg.xml,eating
vp10_0_116.jpg.xml,eating
vp10_0_117.jpg.xml,eating
vp10_0_118.jpg.xml,eating
vp10_0_119.jpg.xml,eating
vp10_0_12.jpg.xml,drinking
vp10_0_120.jpg.xml,eating
vp10_0_121.jpg.xml,eating
vp10_0_122.jpg.xml,eating
vp10_0_123.jpg.xml,eating
vp10_0_124.jpg.xml,eating
vp10_0_125.jpg.xml,eating
vp10_0_126.jpg.xml,eating
vp10_0_127.jpg.xml,eating
vp10_0_128.jpg.xml,eating
vp10_0_129.jpg.xml,eating
vp10_0_13.jpg.xml,drinking
vp10_0_130.jpg.xml,eating
vp10_0_131.jpg.xml,eating
vp10_0_132.jpg.xml,eating
vp10_0_133.jpg.xml,eating
vp10_0_134.jpg.xml,eating
vp10_0_135.jpg.xml,normal
vp10_0_136.jpg.xml,normal
vp10_0_137.jpg.xml,normal
vp10_0_138.jpg.xml,normal
vp10_0_139.jpg.xml,normal
vp10_0_140.jpg.xml,normal
vp10_0_141.jpg.xml,normal
vp10_0_142.jpg.xml,normal
vp10_0_143.jpg.xml,eating
vp10_0_144.jpg.xml,normal
vp10_0_145.jpg.xml,eating
vp10_0_146.jpg.xml,normal
vp10_0_147.jpg.xml,normal
vp10_0_148.jpg.xml,normal
vp10_0_149.jpg.xml,normal
vp10_0_150.jpg.xml,normal
vp10_0_151.jpg.xml,normal
vp10_0_152.jpg.xml,normal
vp10_0_153.jpg.xml,eating
vp10_0_154.jpg.xml,normal
vp10_0_155.jpg.xml,normal
vp10_0_156.jpg.xml,normal
vp10_0_157.jpg.xml,normal
vp10_0_158.jpg.xml,normal
vp10_0_159.jpg.xml,normal
vp10_0_160.jpg.xml,normal
vp10_0_161.jpg.xml,eating
vp10_0_162.jpg.xml,eating
vp10_0_163.jpg.xml,eating
vp10_0_164.jpg.xml,eating
vp10_0_165.jpg.xml,eating
vp10_0_166.jpg.xml,eating
vp10_0_167.jpg.xml,eating
vp10_0_168.jpg.xml,eating
vp10_0_169.jpg.xml,eating
vp10_0_170.jpg.xml,normal
vp10_0_171.jpg.xml,normal
vp10_0_172.jpg.xml,normal
vp10_0_173.jpg.xml,normal
vp10_0_174.jpg.xml,eating
vp10_0_175.jpg.xml,eating
vp10_0_176.jpg.xml,eating
vp10_0_177.jpg.xml,eating
vp10_0_178.jpg.xml,eating
vp10_0_179.jpg.xml,eating
vp10_0_18.jpg.xml,normal
vp10_0_180.jpg.xml,eating
vp10_0_181.jpg.xml,eating
vp10_0_182.jpg.xml,normal
vp10_0_183.jpg.xml,normal
vp10_0_184.jpg.xml,eating
vp10_0_185.jpg.xml,eating
vp10_0_186.jpg.xml,eating
vp10_0_187.jpg.xml,eating
vp10_0_188.jpg.xml,eating
vp10_0_189.jpg.xml,eating
vp10_0_19.jpg.xml,normal
vp10_0_190.jpg.xml,eating
vp10_0_191.jpg.xml,normal
vp10_0_192.jpg.xml,normal
vp10_0_193.jpg.xml,normal
vp10_0_194.jpg.xml,normal
vp10_0_195.jpg.xml,normal
vp10_0_196.jpg.xml,eating
vp10_0_197.jpg.xml,eating
vp10_0_198.jpg.xml,normal
vp10_0_199.jpg.xml,normal
vp10_0_20.jpg.xml,eating
vp10_0_200.jpg.xml,normal
vp10_0_201.jpg.xml,normal
vp10_0_202.jpg.xml,normal
vp10_0_203.jpg.xml,normal
vp10_0_204.jpg.xml,normal
vp10_0_205.jpg.xml,normal
vp10_0_206.jpg.xml,normal
vp10_0_207.jpg.xml,normal
vp10_0_208.jpg.xml,normal
vp10_0_209.jpg.xml,eating
vp10_0_21.jpg.xml,eating
vp10_0_210.jpg.xml,normal
vp10_0_211.jpg.xml,eating
vp10_0_212.jpg.xml,normal
vp10_0_213.jpg.xml,normal
vp10_0_214.jpg.xml,normal
vp10_0_215.jpg.xml,normal
vp10_0_216.jpg.xml,normal
vp10_0_217.jpg.xml,normal
vp10_0_218.jpg.xml,normal
vp10_0_219.jpg.xml,normal
vp10_0_22.jpg.xml,eating
vp10_0_220.jpg.xml,normal
vp10_0_221.jpg.xml,normal
vp10_0_222.jpg.xml,normal
vp10_0_223.jpg.xml,normal
vp10_0_224.jpg.xml,normal
vp10_0_225.jpg.xml,normal
vp10_0_226.jpg.xml,normal
vp10_0_227.jpg.xml,normal
vp10_0_228.jpg.xml,eating
vp10_0_229.jpg.xml,normal
vp10_0_23.jpg.xml,eating
vp10_0_230.jpg.xml,eating
vp10_0_231.jpg.xml,normal
vp10_0_232.jpg.xml,eating
vp10_0_233.jpg.xml,normal
vp10_0_234.jpg.xml,eating
vp10_0_235.jpg.xml,normal
vp10_0_236.jpg.xml,eating
vp10_0_237.jpg.xml,normal
vp10_0_238.jpg.xml,normal
vp10_0_239.jpg.xml,normal
vp10_0_24.jpg.xml,normal
vp10_0_240.jpg.xml,eating
vp10_0_241.jpg.xml,normal
vp10_0_242.jpg.xml,normal
vp10_0_243.jpg.xml,normal
vp10_0_244.jpg.xml,eating
vp10_0_245.jpg.xml,normal
vp10_0_246.jpg.xml,normal
vp10_0_247.jpg.xml,normal
vp10_0_248.jpg.xml,normal
vp10_0_249.jpg.xml,normal
vp10_0_250.jpg.xml,eating
vp10_0_251.jpg.xml,normal
vp10_0_252.jpg.xml,normal
vp10_0_253.jpg.xml,normal
vp10_0_254.jpg.xml,normal
vp10_0_255.jpg.xml,normal
vp10_0_256.jpg.xml,normal
vp10_0_257.jpg.xml,normal
vp10_0_258.jpg.xml,normal
vp10_0_260.jpg.xml,normal
vp10_0_261.jpg.xml,eating
vp10_0_262.jpg.xml,eating
vp10_0_263.jpg.xml,eating
vp10_0_264.jpg.xml,eating
vp10_0_265.jpg.xml,eating
vp10_0_266.jpg.xml,eating
vp10_0_267.jpg.xml,eating
vp10_0_27.jpg.xml,eating
vp10_0_272.jpg.xml,eating
vp10_0_273.jpg.xml,eating
vp10_0_274.jpg.xml,eating
vp10_0_275.jpg.xml,eating
vp10_0_276.jpg.xml,eating
vp10_0_278.jpg.xml,normal
vp10_0_279.jpg.xml,eating
vp10_0_28.jpg.xml,normal
vp10_0_280.jpg.xml,eating
vp10_0_281.jpg.xml,normal
vp10_0_282.jpg.xml,normal
vp10_0_288.jpg.xml,drinking
vp10_0_289.jpg.xml,drinking
vp10_0_29.jpg.xml,normal
vp10_0_290.jpg.xml,drinking
vp10_0_291.jpg.xml,drinking
vp10_0_292.jpg.xml,drinking
vp10_0_293.jpg.xml,drinking
vp10_0_294.jpg.xml,drinking
vp10_0_30.jpg.xml,normal
vp10_0_31.jpg.xml,normal
vp10_0_32.jpg.xml,normal
vp10_0_33.jpg.xml,normal
vp10_0_39.jpg.xml,normal
vp10_0_40.jpg.xml,drinking
vp10_0_41.jpg.xml,drinking
vp10_0_42.jpg.xml,drinking
vp10_0_43.jpg.xml,drinking
vp10_0_44.jpg.xml,drinking
vp10_0_45.jpg.xml,drinking
vp10_0_46.jpg.xml,normal
vp10_0_47.jpg.xml,normal
vp10_0_48.jpg.xml,normal
vp10_0_49.jpg.xml,normal
vp10_0_5.jpg.xml,normal
vp10_0_50.jpg.xml,normal
vp10_0_51.jpg.xml,normal
vp10_0_52.jpg.xml,normal
vp10_0_53.jpg.xml,normal
vp10_0_54.jpg.xml,normal
vp10_0_55.jpg.xml,normal
vp10_0_56.jpg.xml,normal
vp10_0_57.jpg.xml,normal
vp10_0_58.jpg.xml,normal
vp10_0_59.jpg.xml,normal
vp10_0_6.jpg.xml,drinking
vp10_0_60.jpg.xml,normal
vp10_0_61.jpg.xml,normal
vp10_0_62.jpg.xml,normal
vp10_0_63.jpg.xml,normal
vp10_0_64.jpg.xml,normal
vp10_0_65.jpg.xml,normal
vp10_0_66.jpg.xml,normal
vp10_0_69.jpg.xml,drinking
vp10_0_7.jpg.xml,drinking
vp10_0_70.jpg.xml,drinking
vp10_0_71.jpg.xml,drinking
vp10_0_72.jpg.xml,drinking
vp10_0_73.jpg.xml,drinking
vp10_0_74.jpg.xml,drinking
vp10_0_75.jpg.xml,drinking
vp10_0_8.jpg.xml,drinking
vp10_0_80.jpg.xml,normal
vp10_0_81.jpg.xml,normal
vp10_0_82.jpg.xml,eating
vp10_0_83.jpg.xml,eating
vp10_0_84.jpg.xml,eating
vp10_0_85.jpg.xml,eating
vp10_0_86.jpg.xml,eating
vp10_0_87.jpg.xml,eating
vp10_0_88.jpg.xml,eating
vp10_0_89.jpg.xml,normal
vp10_0_9.jpg.xml,drinking
vp10_0_90.jpg.xml,normal
vp10_0_97.jpg.xml,normal
vp10_0_98.jpg.xml,normal
vp10_0_99.jpg.xml,normal
vp10_1_10.jpg.xml,eating
vp10_1_11.jpg.xml,eating
vp10_1_12.jpg.xml,eating
vp10_1_13.jpg.xml,eating
vp10_1_14.jpg.xml,eating
vp10_1_15.jpg.xml,eating
vp10_1_16.jpg.xml,eating
vp10_1_17.jpg.xml,eating
vp10_1_18.jpg.xml,normal
vp10_1_19.jpg.xml,normal
vp10_1_20.jpg.xml,normal
vp10_1_21.jpg.xml,normal
vp10_1_24.jpg.xml,drinking
vp10_1_25.jpg.xml,drinking
vp10_1_26.jpg.xml,drinking
vp10_1_27.jpg.xml,drinking
vp10_1_28.jpg.xml,drinking
vp10_1_29.jpg.xml,drinking
vp10_1_3.jpg.xml,normal
vp10_1_30.jpg.xml,drinking
vp10_1_31.jpg.xml,drinking
vp10_1_32.jpg.xml,drinking
vp10_1_34.jpg.xml,normal
vp10_1_35.jpg.xml,normal
vp10_1_36.jpg.xml,normal
vp10_1_37.jpg.xml,normal
vp10_1_38.jpg.xml,normal
vp10_1_39.jpg.xml,eating
vp10_1_4.jpg.xml,normal
vp10_1_40.jpg.xml,eating
vp10_1_42.jpg.xml,eating
vp10_1_43.jpg.xml,eating
vp10_1_44.jpg.xml,eating
vp10_1_45.jpg.xml,normal
vp10_1_5.jpg.xml,normal
vp10_1_6.jpg.xml,eating
vp10_1_7.jpg.xml,eating
vp10_1_8.jpg.xml,eating
vp10_1_9.jpg.xml,eating
05_frame_00045.jpg.xml,bending
05_frame_00046.jpg.xml,bending
05_frame_00076.jpg.xml,normal
05_frame_00079.jpg.xml,normal
05_frame_00423.jpg.xml,normal
05_frame_00621.jpg.xml,bending
05_frame_00670.jpg.xml,bending
05_frame_00672.jpg.xml,bending
05_frame_00678.jpg.xml,bending
05_frame_00705.jpg.xml,normal
05_frame_01118.jpg.xml,normal
05_frame_01122.jpg.xml,normal
05_frame_01149.jpg.xml,bending
05_frame_01313.jpg.xml,bending
05_frame_01430.jpg.xml,normal
05_frame_01606.jpg.xml,bending
05_frame_01622.jpg.xml,normal
05_frame_01628.jpg.xml,normal
05_frame_01630.jpg.xml,normal
05_frame_01632.jpg.xml,normal
05_frame_01634.jpg.xml,normal
05_frame_01638.jpg.xml,normal
05_frame_01679.jpg.xml,normal
05_frame_01687.jpg.xml,normal
05_frame_01689.jpg.xml,normal
05_frame_02079.jpg.xml,normal
05_frame_02081.jpg.xml,normal
05_frame_02082.jpg.xml,normal
05_frame_02083.jpg.xml,normal
05_frame_02086.jpg.xml,bending
05_frame_02087.jpg.xml,bending
05_frame_02089.jpg.xml,bending
05_frame_02094.jpg.xml,normal
05_frame_02095.jpg.xml,normal
05_frame_02435.jpg.xml,normal
05_frame_02442.jpg.xml,normal
05_frame_02446.jpg.xml,normal
05_frame_02447.jpg.xml,normal
05_frame_02449.jpg.xml,normal
05_frame_02822.jpg.xml,bending
05_frame_02823.jpg.xml,bending
05_frame_02838.jpg.xml,normal
05_frame_02842.jpg.xml,normal
05_frame_02864.jpg.xml,normal
05_frame_02866.jpg.xml,normal
05_frame_02868.jpg.xml,normal
05_frame_02869.jpg.xml,bending
05_frame_02872.jpg.xml,normal
05_frame_02880.jpg.xml,normal
05_frame_02975.jpg.xml,normal
05_frame_03005.jpg.xml,normal
05_frame_03042.jpg.xml,normal
05_frame_03044.jpg.xml,normal
05_frame_03046.jpg.xml,normal
05_frame_03175.jpg.xml,normal
05_frame_03179.jpg.xml,bending
05_frame_03268.jpg.xml,bending
05_frame_03283.jpg.xml,normal
05_frame_03289.jpg.xml,normal
05_frame_03316.jpg.xml,bending
05_frame_03341.jpg.xml,normal
05_frame_03345.jpg.xml,normal
05_frame_03349.jpg.xml,normal
05_frame_03351.jpg.xml,normal
05_frame_03453.jpg.xml,normal
05_frame_03455.jpg.xml,bending
05_frame_03457.jpg.xml,bending
05_frame_03475.jpg.xml,normal
05_frame_03493.jpg.xml,normal
05_frame_03497.jpg.xml,normal
05_frame_03499.jpg.xml,normal
05_frame_03525.jpg.xml,normal
05_frame_03531.jpg.xml,normal
05_frame_03545.jpg.xml,bending
05_frame_03561.jpg.xml,bending
05_frame_03572.jpg.xml,normal
06_frame_00052.jpg.xml,normal
06_frame_00078.jpg.xml,normal
06_frame_00603.jpg.xml,normal
06_frame_00676.jpg.xml,bending
06_frame_00677.jpg.xml,bending
06_frame_00704.jpg.xml,normal
06_frame_00705.jpg.xml,normal
06_frame_00808.jpg.xml,normal
06_frame_01073.jpg.xml,normal
06_frame_01075.jpg.xml,normal
06_frame_01077.jpg.xml,bending
06_frame_01143.jpg.xml,bending
06_frame_01209.jpg.xml,normal
06_frame_01214.jpg.xml,normal
06_frame_01216.jpg.xml,normal
06_frame_01288.jpg.xml,normal
06_frame_01290.jpg.xml,bending
06_frame_01387.jpg.xml,bending
06_frame_01523.jpg.xml,normal
06_frame_01524.jpg.xml,normal
06_frame_01528.jpg.xml,normal
06_frame_01529.jpg.xml,normal
06_frame_01729.jpg.xml,normal
06_frame_01733.jpg.xml,normal
06_frame_01823.jpg.xml,bending
06_frame_01853.jpg.xml,bending
06_frame_01858.jpg.xml,normal
06_frame_01859.jpg.xml,normal
06_frame_01861.jpg.xml,normal
06_frame_01864.jpg.xml,normal
06_frame_01865.jpg.xml,normal
06_frame_01869.jpg.xml,normal
06_frame_01870.jpg.xml,normal
06_frame_01871.jpg.xml,normal
06_frame_02275.jpg.xml,normal
06_frame_02277.jpg.xml,normal
06_frame_02282.jpg.xml,normal
06_frame_02287.jpg.xml,normal
06_frame_02288.jpg.xml,normal
06_frame_02290.jpg.xml,normal
06_frame_02291.jpg.xml,normal
06_frame_02293.jpg.xml,normal
06_frame_02296.jpg.xml,normal
06_frame_02297.jpg.xml,normal
06_frame_02302.jpg.xml,normal
06_frame_02305.jpg.xml,normal
06_frame_02307.jpg.xml,normal
06_frame_02308.jpg.xml,normal
06_frame_02312.jpg.xml,normal
06_frame_02313.jpg.xml,normal
06_frame_02317.jpg.xml,normal
06_frame_02319.jpg.xml,normal
06_frame_02321.jpg.xml,bending
06_frame_02322.jpg.xml,bending
06_frame_02460.jpg.xml,normal
06_frame_02464.jpg.xml,normal
06_frame_02472.jpg.xml,normal
06_frame_02478.jpg.xml,normal
06_frame_02482.jpg.xml,normal
06_frame_02490.jpg.xml,normal
06_frame_02492.jpg.xml,normal
06_frame_02494.jpg.xml,normal
06_frame_02496.jpg.xml,normal
06_frame_02498.jpg.xml,normal
06_frame_02500.jpg.xml,normal
06_frame_02502.jpg.xml,normal
06_frame_02506.jpg.xml,normal
06_frame_02533.jpg.xml,normal
06_frame_02536.jpg.xml,normal
06_frame_02727.jpg.xml,bending
vp11_0_13.jpg.xml,drinking
vp11_0_14.jpg.xml,drinking
vp11_0_15.jpg.xml,drinking
vp11_0_16.jpg.xml,drinking
vp11_0_17.jpg.xml,drinking
vp11_0_18.jpg.xml,drinking
vp11_0_19.jpg.xml,drinking
vp11_0_20.jpg.xml,drinking
vp11_0_21.jpg.xml,drinking
vp11_0_22.jpg.xml,drinking
vp11_0_23.jpg.xml,normal
vp11_0_29.jpg.xml,normal
vp11_0_30.jpg.xml,eating
vp11_0_31.jpg.xml,eating
vp11_0_32.jpg.xml,eating
vp11_0_33.jpg.xml,eating
vp11_0_34.jpg.xml,eating
vp11_0_35.jpg.xml,eating
vp11_0_36.jpg.xml,eating
vp11_0_40.jpg.xml,normal
vp11_0_41.jpg.xml,eating
vp11_0_42.jpg.xml,eating
vp11_0_43.jpg.xml,eating
vp11_0_44.jpg.xml,eating
vp11_0_45.jpg.xml,eating
vp11_0_5.jpg.xml,normal
vp11_0_50.jpg.xml,normal
vp11_0_51.jpg.xml,eating
vp11_0_52.jpg.xml,eating
vp11_0_53.jpg.xml,eating
vp11_0_54.jpg.xml,eating
vp11_0_58.jpg.xml,normal
vp11_0_59.jpg.xml,eating
vp11_0_6.jpg.xml,eating
vp11_0_60.jpg.xml,eating
vp11_0_61.jpg.xml,eating
vp11_0_62.jpg.xml,normal
vp11_0_63.jpg.xml,eating
vp11_0_64.jpg.xml,eating
vp11_0_65.jpg.xml,eating
vp11_0_66.jpg.xml,eating
vp11_0_68.jpg.xml,normal
vp11_0_69.jpg.xml,normal
vp11_0_7.jpg.xml,normal
vp11_0_70.jpg.xml,eating
vp11_0_71.jpg.xml,eating
vp11_0_72.jpg.xml,eating
vp11_0_73.jpg.xml,eating
vp11_0_74.jpg.xml,eating
vp11_0_75.jpg.xml,eating
vp11_0_8.jpg.xml,normal
vp11_0_9.jpg.xml,normal
vp11_1_10.jpg.xml,drinking
vp11_1_105.jpg.xml,normal
vp11_1_106.jpg.xml,eating
vp11_1_107.jpg.xml,eating
vp11_1_108.jpg.xml,eating
vp11_1_109.jpg.xml,eating
vp11_1_11.jpg.xml,drinking
vp11_1_110.jpg.xml,eating
vp11_1_111.jpg.xml,eating
vp11_1_112.jpg.xml,eating
vp11_1_113.jpg.xml,eating
vp11_1_114.jpg.xml,eating
vp11_1_115.jpg.xml,eating
vp11_1_116.jpg.xml,normal
vp11_1_117.jpg.xml,normal
vp11_1_118.jpg.xml,normal
vp11_1_119.jpg.xml,normal
vp11_1_12.jpg.xml,drinking
vp11_1_120.jpg.xml,normal
vp11_1_13.jpg.xml,drinking
vp11_1_14.jpg.xml,drinking
vp11_1_15.jpg.xml,drinking
vp11_1_21.jpg.xml,drinking
vp11_1_22.jpg.xml,drinking
vp11_1_23.jpg.xml,drinking
vp11_1_24.jpg.xml,drinking
vp11_1_25.jpg.xml,drinking
vp11_1_26.jpg.xml,drinking
vp11_1_27.jpg.xml,drinking
vp11_1_32.jpg.xml,normal
vp11_1_33.jpg.xml,eating
vp11_1_34.jpg.xml,eating
vp11_1_35.jpg.xml,eating
vp11_1_36.jpg.xml,eating
vp11_1_37.jpg.xml,eating
vp11_1_38.jpg.xml,eating
vp11_1_42.jpg.xml,drinking
vp11_1_43.jpg.xml,drinking
vp11_1_44.jpg.xml,drinking
vp11_1_45.jpg.xml,drinking
vp11_1_46.jpg.xml,drinking
vp11_1_47.jpg.xml,drinking
vp11_1_48.jpg.xml,drinking
vp11_1_49.jpg.xml,drinking
vp11_1_50.jpg.xml,drinking
vp11_1_51.jpg.xml,normal
vp11_1_56.jpg.xml,eating
vp11_1_57.jpg.xml,eating
vp11_1_58.jpg.xml,eating
vp11_1_59.jpg.xml,eating
vp11_1_6.jpg.xml,drinking
vp11_1_60.jpg.xml,eating
vp11_1_62.jpg.xml,normal
vp11_1_63.jpg.xml,eating
vp11_1_64.jpg.xml,eating
vp11_1_65.jpg.xml,eating
vp11_1_66.jpg.xml,eating
vp11_1_67.jpg.xml,eating
vp11_1_7.jpg.xml,drinking
vp11_1_73.jpg.xml,eating
vp11_1_74.jpg.xml,eating
vp11_1_75.jpg.xml,eating
vp11_1_78.jpg.xml,normal
vp11_1_79.jpg.xml,eating
vp11_1_8.jpg.xml,drinking
vp11_1_80.jpg.xml,eating
vp11_1_81.jpg.xml,eating
vp11_1_82.jpg.xml,eating
vp11_1_83.jpg.xml,eating
vp11_1_84.jpg.xml,eating
vp11_1_89.jpg.xml,eating
vp11_1_9.jpg.xml,drinking
vp11_1_90.jpg.xml,eating
vp11_1_91.jpg.xml,eating
vp11_1_92.jpg.xml,eating
vp11_1_93.jpg.xml,eating
vp11_1_94.jpg.xml,eating
vp11_1_95.jpg.xml,eating
vp11_1_96.jpg.xml,eating
vp11_1_97.jpg.xml,eating
07_frame_00027.jpg.xml,bending
07_frame_00035.jpg.xml,bending
07_frame_00644.jpg.xml,normal
07_frame_00645.jpg.xml,normal
07_frame_00646.jpg.xml,normal
07_frame_00682.jpg.xml,normal
07_frame_00749.jpg.xml,bending
07_frame_00793.jpg.xml,bending
07_frame_00795.jpg.xml,bending
07_frame_00937.jpg.xml,bending
07_frame_00939.jpg.xml,bending
07_frame_01777.jpg.xml,bending
07_frame_01782.jpg.xml,bending
07_frame_01784.jpg.xml,bending
07_frame_01786.jpg.xml,bending
07_frame_01787.jpg.xml,bending
07_frame_01788.jpg.xml,bending
07_frame_01791.jpg.xml,bending
07_frame_01792.jpg.xml,bending
07_frame_01799.jpg.xml,bending
07_frame_01812.jpg.xml,bending
07_frame_01813.jpg.xml,bending
07_frame_01833.jpg.xml,bending
07_frame_02511.jpg.xml,bending
07_frame_02515.jpg.xml,bending
07_frame_02533.jpg.xml,bending
07_frame_02545.jpg.xml,bending
07_frame_02549.jpg.xml,bending
07_frame_02557.jpg.xml,bending
07_frame_02559.jpg.xml,bending
07_frame_02682.jpg.xml,changing glass
07_frame_02683.jpg.xml,changing glass
07_frame_02685.jpg.xml,changing glass
07_frame_02805.jpg.xml,changing glass
07_frame_03463.jpg.xml,bending
07_frame_03465.jpg.xml,bending
07_frame_03471.jpg.xml,bending
07_frame_03477.jpg.xml,bending
07_frame_03481.jpg.xml,bending
07_frame_03487.jpg.xml,bending
07_frame_03501.jpg.xml,bending
07_frame_03503.jpg.xml,bending
07_frame_03507.jpg.xml,bending
07_frame_03509.jpg.xml,bending
07_frame_03531.jpg.xml,bending
07_frame_03533.jpg.xml,bending
07_frame_03535.jpg.xml,bending
07_frame_03937.jpg.xml,normal
07_frame_03940.jpg.xml,bending
07_frame_03941.jpg.xml,bending
07_frame_03944.jpg.xml,bending
07_frame_03945.jpg.xml,bending
07_frame_03946.jpg.xml,bending
07_frame_03956.jpg.xml,bending
07_frame_03960.jpg.xml,bending
08_frame_00043.jpg.xml,normal
08_frame_00491.jpg.xml,normal
08_frame_00495.jpg.xml,normal
08_frame_00499.jpg.xml,normal
08_frame_00536.jpg.xml,normal
08_frame_01375.jpg.xml,normal
08_frame_01378.jpg.xml,bending
08_frame_01561.jpg.xml,bending
08_frame_01563.jpg.xml,bending
08_frame_01565.jpg.xml,bending
08_frame_01723.jpg.xml,changing glass
08_frame_01727.jpg.xml,changing glass
08_frame_01860.jpg.xml,normal
08_frame_01862.jpg.xml,normal
08_frame_01864.jpg.xml,bending
08_frame_01865.jpg.xml,bending
08_frame_01866.jpg.xml,bending
08_frame_01881.jpg.xml,bending
08_frame_01882.jpg.xml,bending
08_frame_01886.jpg.xml,bending
08_frame_01888.jpg.xml,bending
08_frame_01898.jpg.xml,bending
08_frame_01900.jpg.xml,bending
08_frame_02536.jpg.xml,bending
08_frame_02542.jpg.xml,bending
08_frame_02548.jpg.xml,bending
08_frame_02552.jpg.xml,bending
08_frame_02554.jpg.xml,bending
08_frame_02556.jpg.xml,bending
08_frame_02558.jpg.xml,bending
08_frame_02560.jpg.xml,bending
08_frame_02564.jpg.xml,bending
08_frame_02570.jpg.xml,bending
08_frame_02572.jpg.xml,bending
08_frame_02574.jpg.xml,bending
08_frame_02580.jpg.xml,bending
08_frame_02582.jpg.xml,bending
08_frame_02586.jpg.xml,bending
08_frame_02590.jpg.xml,bending
08_frame_02592.jpg.xml,bending
08_frame_02604.jpg.xml,bending
08_frame_02606.jpg.xml,bending
08_frame_02608.jpg.xml,bending
08_frame_02886.jpg.xml,bending
08_frame_03513.jpg.xml,bending
08_frame_04214.jpg.xml,bending
08_frame_04216.jpg.xml,bending
08_frame_04242.jpg.xml,bending
08_frame_04243.jpg.xml,bending
08_frame_04244.jpg.xml,bending
08_frame_04246.jpg.xml,bending
08_frame_04251.jpg.xml,bending
08_frame_04252.jpg.xml,bending
08_frame_04255.jpg.xml,bending
08_frame_04267.jpg.xml,bending
08_frame_04453.jpg.xml,bending
08_frame_04455.jpg.xml,bending
08_frame_04459.jpg.xml,bending
08_frame_04461.jpg.xml,bending
08_frame_04464.jpg.xml,bending
08_frame_04474.jpg.xml,bending
08_frame_04477.jpg.xml,bending
08_frame_04480.jpg.xml,bending
08_frame_04484.jpg.xml,bending
08_frame_04487.jpg.xml,bending
08_frame_04488.jpg.xml,bending
08_frame_04489.jpg.xml,bending
08_frame_04513.jpg.xml,bending
08_frame_04521.jpg.xml,bending
08_frame_04523.jpg.xml,bending
08_frame_04533.jpg.xml,bending
08_frame_04537.jpg.xml,bending
08_frame_04539.jpg.xml,bending
08_frame_04545.jpg.xml,bending
08_frame_04547.jpg.xml,bending
08_frame_04553.jpg.xml,bending
08_frame_04555.jpg.xml,bending
08_frame_04556.jpg.xml,bending
08_frame_04578.jpg.xml,bending
08_frame_04583.jpg.xml,bending
08_frame_04587.jpg.xml,bending
08_frame_04591.jpg.xml,bending
08_frame_04593.jpg.xml,bending
08_frame_04595.jpg.xml,bending
08_frame_04601.jpg.xml,bending
08_frame_04603.jpg.xml,bending
08_frame_04614.jpg.xml,bending
08_frame_05026.jpg.xml,normal
08_frame_05028.jpg.xml,bending
08_frame_05029.jpg.xml,bending
08_frame_05030.jpg.xml,bending
vp12_0_10.jpg.xml,drinking
vp12_0_100.jpg.xml,eating
vp12_0_101.jpg.xml,eating
vp12_0_102.jpg.xml,eating
vp12_0_103.jpg.xml,eating
vp12_0_104.jpg.xml,eating
vp12_0_109.jpg.xml,eating
vp12_0_11.jpg.xml,drinking
vp12_0_110.jpg.xml,eating
vp12_0_111.jpg.xml,eating
vp12_0_112.jpg.xml,eating
vp12_0_113.jpg.xml,eating
vp12_0_114.jpg.xml,eating
vp12_0_115.jpg.xml,eating
vp12_0_116.jpg.xml,eating
vp12_0_12.jpg.xml,drinking
vp12_0_13.jpg.xml,drinking
vp12_0_14.jpg.xml,drinking
vp12_0_15.jpg.xml,drinking
vp12_0_16.jpg.xml,drinking
vp12_0_17.jpg.xml,drinking
vp12_0_18.jpg.xml,drinking
vp12_0_19.jpg.xml,drinking
vp12_0_20.jpg.xml,drinking
vp12_0_21.jpg.xml,drinking
vp12_0_22.jpg.xml,drinking
vp12_0_23.jpg.xml,drinking
vp12_0_24.jpg.xml,drinking
vp12_0_25.jpg.xml,drinking
vp12_0_26.jpg.xml,normal
vp12_0_30.jpg.xml,eating
vp12_0_31.jpg.xml,eating
vp12_0_32.jpg.xml,eating
vp12_0_33.jpg.xml,eating
vp12_0_36.jpg.xml,eating
vp12_0_37.jpg.xml,eating
vp12_0_38.jpg.xml,eating
vp12_0_39.jpg.xml,eating
vp12_0_4.jpg.xml,drinking
vp12_0_40.jpg.xml,eating
vp12_0_41.jpg.xml,normal
vp12_0_42.jpg.xml,eating
vp12_0_48.jpg.xml,eating
vp12_0_5.jpg.xml,drinking
vp12_0_54.jpg.xml,eating
vp12_0_55.jpg.xml,eating
vp12_0_57.jpg.xml,eating
vp12_0_58.jpg.xml,eating
vp12_0_59.jpg.xml,eating
vp12_0_6.jpg.xml,drinking
vp12_0_60.jpg.xml,eating
vp12_0_61.jpg.xml,eating
vp12_0_62.jpg.xml,eating
vp12_0_67.jpg.xml,eating
vp12_0_68.jpg.xml,eating
vp12_0_69.jpg.xml,eating
vp12_0_7.jpg.xml,drinking
vp12_0_70.jpg.xml,eating
vp12_0_71.jpg.xml,eating
vp12_0_72.jpg.xml,eating
vp12_0_77.jpg.xml,drinking
vp12_0_78.jpg.xml,drinking
vp12_0_79.jpg.xml,drinking
vp12_0_8.jpg.xml,drinking
vp12_0_80.jpg.xml,drinking
vp12_0_81.jpg.xml,drinking
vp12_0_82.jpg.xml,drinking
vp12_0_83.jpg.xml,drinking
vp12_0_84.jpg.xml,drinking
vp12_0_85.jpg.xml,drinking
vp12_0_86.jpg.xml,drinking
vp12_0_87.jpg.xml,drinking
vp12_0_88.jpg.xml,drinking
vp12_0_89.jpg.xml,drinking
vp12_0_9.jpg.xml,drinking
vp12_0_90.jpg.xml,drinking
vp12_0_91.jpg.xml,drinking
vp12_0_92.jpg.xml,drinking
vp12_0_93.jpg.xml,drinking
vp12_0_94.jpg.xml,drinking
vp12_0_95.jpg.xml,drinking
vp12_1_10.jpg.xml,drinking
vp12_1_100.jpg.xml,drinking
vp12_1_101.jpg.xml,drinking
vp12_1_102.jpg.xml,drinking
vp12_1_103.jpg.xml,drinking
vp12_1_104.jpg.xml,drinking
vp12_1_105.jpg.xml,drinking
vp12_1_106.jpg.xml,drinking
vp12_1_11.jpg.xml,drinking
vp12_1_112.jpg.xml,normal
vp12_1_113.jpg.xml,eating
vp12_1_114.jpg.xml,eating
vp12_1_115.jpg.xml,eating
vp12_1_116.jpg.xml,eating
vp12_1_117.jpg.xml,eating
vp12_1_118.jpg.xml,eating
vp12_1_12.jpg.xml,drinking
vp12_1_120.jpg.xml,normal
vp12_1_121.jpg.xml,normal
vp12_1_13.jpg.xml,drinking
vp12_1_133.jpg.xml,eating
vp12_1_134.jpg.xml,eating
vp12_1_135.jpg.xml,eating
vp12_1_136.jpg.xml,eating
vp12_1_137.jpg.xml,eating
vp12_1_138.jpg.xml,eating
vp12_1_139.jpg.xml,eating
vp12_1_14.jpg.xml,drinking
vp12_1_140.jpg.xml,eating
vp12_1_141.jpg.xml,eating
vp12_1_142.jpg.xml,eating
vp12_1_143.jpg.xml,eating
vp12_1_148.jpg.xml,drinking
vp12_1_149.jpg.xml,drinking
vp12_1_15.jpg.xml,drinking
vp12_1_150.jpg.xml,drinking
vp12_1_151.jpg.xml,drinking
vp12_1_152.jpg.xml,drinking
vp12_1_153.jpg.xml,drinking
vp12_1_154.jpg.xml,drinking
vp12_1_155.jpg.xml,drinking
vp12_1_156.jpg.xml,drinking
vp12_1_157.jpg.xml,drinking
vp12_1_158.jpg.xml,drinking
vp12_1_159.jpg.xml,drinking
vp12_1_16.jpg.xml,drinking
vp12_1_160.jpg.xml,drinking
vp12_1_161.jpg.xml,drinking
vp12_1_162.jpg.xml,drinking
vp12_1_163.jpg.xml,drinking
vp12_1_164.jpg.xml,drinking
vp12_1_165.jpg.xml,drinking
vp12_1_166.jpg.xml,drinking
vp12_1_167.jpg.xml,drinking
vp12_1_168.jpg.xml,drinking
vp12_1_169.jpg.xml,drinking
vp12_1_17.jpg.xml,drinking
vp12_1_170.jpg.xml,drinking
vp12_1_171.jpg.xml,drinking
vp12_1_18.jpg.xml,drinking
vp12_1_19.jpg.xml,drinking
vp12_1_20.jpg.xml,drinking
vp12_1_202.jpg.xml,drinking
vp12_1_203.jpg.xml,drinking
vp12_1_204.jpg.xml,drinking
vp12_1_205.jpg.xml,drinking
vp12_1_206.jpg.xml,drinking
vp12_1_207.jpg.xml,drinking
vp12_1_208.jpg.xml,drinking
vp12_1_209.jpg.xml,drinking
vp12_1_21.jpg.xml,drinking
vp12_1_210.jpg.xml,drinking
vp12_1_211.jpg.xml,drinking
vp12_1_212.jpg.xml,drinking
vp12_1_213.jpg.xml,drinking
vp12_1_214.jpg.xml,drinking
vp12_1_215.jpg.xml,drinking
vp12_1_216.jpg.xml,drinking
vp12_1_217.jpg.xml,drinking
vp12_1_218.jpg.xml,drinking
vp12_1_219.jpg.xml,drinking
vp12_1_22.jpg.xml,drinking
vp12_1_220.jpg.xml,drinking
vp12_1_221.jpg.xml,drinking
vp12_1_222.jpg.xml,drinking
vp12_1_223.jpg.xml,drinking
vp12_1_224.jpg.xml,drinking
vp12_1_23.jpg.xml,drinking
vp12_1_234.jpg.xml,normal
vp12_1_235.jpg.xml,eating
vp12_1_236.jpg.xml,eating
vp12_1_237.jpg.xml,eating
vp12_1_238.jpg.xml,eating
vp12_1_239.jpg.xml,normal
vp12_1_24.jpg.xml,drinking
vp12_1_244.jpg.xml,eating
vp12_1_245.jpg.xml,eating
vp12_1_246.jpg.xml,eating
vp12_1_247.jpg.xml,eating
vp12_1_248.jpg.xml,eating
vp12_1_249.jpg.xml,eating
vp12_1_259.jpg.xml,drinking
vp12_1_260.jpg.xml,drinking
vp12_1_261.jpg.xml,drinking
vp12_1_262.jpg.xml,drinking
vp12_1_263.jpg.xml,drinking
vp12_1_264.jpg.xml,drinking
vp12_1_265.jpg.xml,drinking
vp12_1_266.jpg.xml,drinking
vp12_1_267.jpg.xml,drinking
vp12_1_268.jpg.xml,drinking
vp12_1_269.jpg.xml,drinking
vp12_1_270.jpg.xml,drinking
vp12_1_3.jpg.xml,drinking
vp12_1_30.jpg.xml,eating
vp12_1_31.jpg.xml,eating
vp12_1_32.jpg.xml,eating
vp12_1_33.jpg.xml,eating
vp12_1_34.jpg.xml,eating
vp12_1_35.jpg.xml,eating
vp12_1_36.jpg.xml,eating
vp12_1_4.jpg.xml,drinking
vp12_1_44.jpg.xml,eating
vp12_1_45.jpg.xml,eating
vp12_1_46.jpg.xml,eating
vp12_1_47.jpg.xml,eating
vp12_1_48.jpg.xml,eating
vp12_1_49.jpg.xml,eating
vp12_1_5.jpg.xml,drinking
vp12_1_50.jpg.xml,eating
vp12_1_51.jpg.xml,eating
vp12_1_52.jpg.xml,eating
vp12_1_53.jpg.xml,eating
vp12_1_54.jpg.xml,normal
vp12_1_59.jpg.xml,eating
vp12_1_6.jpg.xml,drinking
vp12_1_60.jpg.xml,eating
vp12_1_61.jpg.xml,eating
vp12_1_62.jpg.xml,eating
vp12_1_63.jpg.xml,eating
vp12_1_64.jpg.xml,eating
vp12_1_65.jpg.xml,eating
vp12_1_66.jpg.xml,eating
vp12_1_7.jpg.xml,drinking
vp12_1_70.jpg.xml,drinking
vp12_1_71.jpg.xml,normal
vp12_1_72.jpg.xml,drinking
vp12_1_73.jpg.xml,drinking
vp12_1_74.jpg.xml,normal
vp12_1_75.jpg.xml,drinking
vp12_1_76.jpg.xml,drinking
vp12_1_77.jpg.xml,drinking
vp12_1_78.jpg.xml,drinking
vp12_1_79.jpg.xml,drinking
vp12_1_8.jpg.xml,drinking
vp12_1_80.jpg.xml,drinking
vp12_1_81.jpg.xml,drinking
vp12_1_82.jpg.xml,drinking
vp12_1_83.jpg.xml,drinking
vp12_1_84.jpg.xml,drinking
vp12_1_85.jpg.xml,drinking
vp12_1_86.jpg.xml,drinking
vp12_1_87.jpg.xml,drinking
vp12_1_88.jpg.xml,drinking
vp12_1_9.jpg.xml,drinking
vp12_1_93.jpg.xml,drinking
vp12_1_94.jpg.xml,drinking
vp12_1_95.jpg.xml,drinking
vp12_1_96.jpg.xml,drinking
vp12_1_97.jpg.xml,drinking
vp12_1_98.jpg.xml,drinking
vp12_1_99.jpg.xml,drinking
09_frame_00074.jpg.xml,bending
09_frame_00083.jpg.xml,normal
09_frame_00085.jpg.xml,normal
09_frame_00129.jpg.xml,normal
09_frame_00130.jpg.xml,normal
09_frame_00138.jpg.xml,normal
09_frame_00827.jpg.xml,bending
09_frame_00859.jpg.xml,bending
09_frame_01344.jpg.xml,bending
09_frame_01348.jpg.xml,bending
09_frame_01358.jpg.xml,bending
09_frame_01369.jpg.xml,bending
09_frame_01406.jpg.xml,bending
09_frame_01408.jpg.xml,bending
09_frame_01410.jpg.xml,bending
09_frame_01426.jpg.xml,bending
09_frame_01434.jpg.xml,bending
09_frame_01464.jpg.xml,bending
09_frame_01630.jpg.xml,bending
09_frame_01642.jpg.xml,bending
09_frame_01678.jpg.xml,bending
09_frame_01688.jpg.xml,bending
09_frame_01711.jpg.xml,bending
09_frame_01739.jpg.xml,bending
09_frame_01812.jpg.xml,bending
09_frame_01834.jpg.xml,bending
09_frame_02183.jpg.xml,bending
09_frame_02189.jpg.xml,bending
09_frame_02190.jpg.xml,bending
09_frame_02191.jpg.xml,bending
09_frame_02196.jpg.xml,bending
09_frame_02218.jpg.xml,normal
09_frame_02221.jpg.xml,bending
09_frame_02222.jpg.xml,bending
09_frame_02408.jpg.xml,normal
09_frame_02458.jpg.xml,bending
09_frame_02460.jpg.xml,bending
09_frame_02785.jpg.xml,bending
09_frame_02786.jpg.xml,bending
09_frame_02859.jpg.xml,bending
09_frame_02893.jpg.xml,bending
09_frame_02899.jpg.xml,bending
09_frame_02903.jpg.xml,bending
09_frame_02909.jpg.xml,bending
09_frame_02951.jpg.xml,bending
09_frame_02955.jpg.xml,bending
09_frame_02966.jpg.xml,bending
09_frame_02975.jpg.xml,bending
09_frame_03009.jpg.xml,bending
09_frame_03021.jpg.xml,bending
09_frame_03025.jpg.xml,bending
09_frame_03033.jpg.xml,bending
09_frame_03039.jpg.xml,bending
09_frame_03043.jpg.xml,bending
09_frame_03045.jpg.xml,bending
09_frame_03063.jpg.xml,bending
09_frame_03081.jpg.xml,bending
09_frame_03083.jpg.xml,bending
09_frame_03087.jpg.xml,bending
09_frame_03091.jpg.xml,bending
09_frame_03095.jpg.xml,bending
09_frame_03118.jpg.xml,bending
09_frame_03127.jpg.xml,bending
09_frame_03138.jpg.xml,bending
09_frame_03140.jpg.xml,bending
09_frame_03142.jpg.xml,bending
09_frame_03148.jpg.xml,bending
09_frame_03214.jpg.xml,bending
09_frame_03280.jpg.xml,bending
09_frame_03287.jpg.xml,bending
09_frame_03289.jpg.xml,bending
09_frame_03293.jpg.xml,bending
09_frame_03413.jpg.xml,normal
09_frame_03420.jpg.xml,bending
09_frame_03965.jpg.xml,bending
09_frame_03976.jpg.xml,normal
09_frame_04176.jpg.xml,normal
09_frame_04177.jpg.xml,normal
09_frame_04580.jpg.xml,bending
10_frame_00367.jpg.xml,normal
10_frame_00381.jpg.xml,normal
10_frame_00636.jpg.xml,normal
10_frame_00657.jpg.xml,normal
10_frame_00680.jpg.xml,normal
10_frame_00683.jpg.xml,normal
10_frame_00685.jpg.xml,normal
10_frame_00755.jpg.xml,bending
10_frame_00794.jpg.xml,bending
10_frame_00798.jpg.xml,bending
10_frame_00907.jpg.xml,bending
10_frame_00913.jpg.xml,bending
10_frame_00922.jpg.xml,bending
10_frame_00924.jpg.xml,bending
10_frame_00928.jpg.xml,bending
10_frame_00944.jpg.xml,bending
10_frame_00946.jpg.xml,bending
10_frame_00956.jpg.xml,normal
10_frame_00959.jpg.xml,bending
10_frame_00973.jpg.xml,bending
10_frame_00981.jpg.xml,bending
10_frame_00985.jpg.xml,bending
10_frame_00986.jpg.xml,bending
10_frame_00990.jpg.xml,bending
10_frame_01140.jpg.xml,bending
10_frame_01147.jpg.xml,bending
10_frame_01153.jpg.xml,bending
10_frame_01155.jpg.xml,bending
10_frame_01167.jpg.xml,bending
10_frame_01171.jpg.xml,bending
10_frame_01186.jpg.xml,bending
10_frame_01194.jpg.xml,bending
10_frame_01216.jpg.xml,bending
10_frame_01222.jpg.xml,bending
10_frame_01224.jpg.xml,bending
10_frame_01234.jpg.xml,bending
10_frame_01328.jpg.xml,changing glass
10_frame_01332.jpg.xml,changing glass
10_frame_01496.jpg.xml,bending
10_frame_01575.jpg.xml,bending
10_frame_01615.jpg.xml,bending
10_frame_01633.jpg.xml,bending
10_frame_01639.jpg.xml,bending
10_frame_01660.jpg.xml,bending
10_frame_01664.jpg.xml,bending
10_frame_01698.jpg.xml,bending
10_frame_01709.jpg.xml,bending
10_frame_01831.jpg.xml,bending
10_frame_02384.jpg.xml,bending
10_frame_02514.jpg.xml,bending
10_frame_02516.jpg.xml,bending
10_frame_02540.jpg.xml,changing glass
10_frame_02550.jpg.xml,bending
10_frame_02554.jpg.xml,bending
10_frame_02683.jpg.xml,bending
10_frame_02701.jpg.xml,bending
10_frame_02829.jpg.xml,bending
10_frame_02831.jpg.xml,bending
10_frame_02837.jpg.xml,bending
10_frame_02885.jpg.xml,bending
10_frame_02886.jpg.xml,bending
10_frame_02898.jpg.xml,bending
10_frame_02911.jpg.xml,bending
10_frame_02913.jpg.xml,bending
10_frame_02963.jpg.xml,bending
10_frame_02967.jpg.xml,bending
10_frame_04036.jpg.xml,bending
vp13_0_17.jpg.xml,normal
vp13_0_18.jpg.xml,eating
vp13_0_19.jpg.xml,eating
vp13_0_20.jpg.xml,eating
vp13_0_24.jpg.xml,normal
vp13_0_25.jpg.xml,drinking
vp13_0_26.jpg.xml,drinking
vp13_0_27.jpg.xml,drinking
vp13_0_28.jpg.xml,drinking
vp13_0_29.jpg.xml,drinking
vp13_0_30.jpg.xml,drinking
vp13_0_31.jpg.xml,drinking
vp13_0_32.jpg.xml,drinking
vp13_0_33.jpg.xml,drinking
vp13_0_34.jpg.xml,drinking
vp13_0_35.jpg.xml,drinking
vp13_0_49.jpg.xml,drinking
vp13_0_50.jpg.xml,drinking
vp13_0_51.jpg.xml,drinking
vp13_0_52.jpg.xml,drinking
vp13_0_53.jpg.xml,drinking
vp13_0_54.jpg.xml,drinking
vp13_0_6.jpg.xml,eating
vp13_0_7.jpg.xml,eating
vp13_1_1.jpg.xml,normal
vp13_1_10.jpg.xml,normal
vp13_1_11.jpg.xml,normal
vp13_1_12.jpg.xml,normal
vp13_1_13.jpg.xml,normal
vp13_1_14.jpg.xml,normal
vp13_1_15.jpg.xml,normal
vp13_1_16.jpg.xml,normal
vp13_1_17.jpg.xml,normal
vp13_1_18.jpg.xml,normal
vp13_1_2.jpg.xml,normal
vp13_1_21.jpg.xml,normal
vp13_1_24.jpg.xml,drinking
vp13_1_25.jpg.xml,drinking
vp13_1_26.jpg.xml,drinking
vp13_1_27.jpg.xml,drinking
vp13_1_28.jpg.xml,drinking
vp13_1_29.jpg.xml,drinking
vp13_1_3.jpg.xml,normal
vp13_1_30.jpg.xml,drinking
vp13_1_31.jpg.xml,drinking
vp13_1_32.jpg.xml,drinking
vp13_1_33.jpg.xml,normal
vp13_1_4.jpg.xml,normal
vp13_1_41.jpg.xml,drinking
vp13_1_42.jpg.xml,drinking
vp13_1_43.jpg.xml,drinking
vp13_1_44.jpg.xml,drinking
vp13_1_45.jpg.xml,drinking
vp13_1_46.jpg.xml,drinking
vp13_1_47.jpg.xml,drinking
vp13_1_48.jpg.xml,drinking
vp13_1_49.jpg.xml,drinking
vp13_1_5.jpg.xml,normal
vp13_1_50.jpg.xml,drinking
vp13_1_51.jpg.xml,drinking
vp13_1_52.jpg.xml,drinking
vp13_1_53.jpg.xml,normal
vp13_1_6.jpg.xml,normal
vp13_1_7.jpg.xml,normal
vp13_1_8.jpg.xml,normal
vp13_1_9.jpg.xml,normal
11_frame_00044.jpg.xml,bending
11_frame_00047.jpg.xml,bending
11_frame_00057.jpg.xml,bending
11_frame_00085.jpg.xml,bending
11_frame_00479.jpg.xml,normal
11_frame_00665.jpg.xml,bending
11_frame_00727.jpg.xml,bending
11_frame_00735.jpg.xml,bending
11_frame_00798.jpg.xml,bending
11_frame_01100.jpg.xml,bending
11_frame_01188.jpg.xml,bending
11_frame_01211.jpg.xml,bending
11_frame_01310.jpg.xml,bending
11_frame_01420.jpg.xml,bending
11_frame_01912.jpg.xml,bending
11_frame_01916.jpg.xml,normal
11_frame_01927.jpg.xml,bending
11_frame_01933.jpg.xml,bending
11_frame_01939.jpg.xml,bending
11_frame_02007.jpg.xml,bending
11_frame_02014.jpg.xml,changing glass
11_frame_02018.jpg.xml,changing glass
11_frame_02019.jpg.xml,changing glass
11_frame_02021.jpg.xml,normal
11_frame_02030.jpg.xml,changing glass
11_frame_02051.jpg.xml,normal
11_frame_02057.jpg.xml,changing glass
11_frame_02058.jpg.xml,normal
11_frame_02134.jpg.xml,normal
11_frame_02231.jpg.xml,normal
11_frame_02237.jpg.xml,bending
11_frame_02473.jpg.xml,bending
11_frame_02477.jpg.xml,bending
11_frame_02624.jpg.xml,normal
11_frame_02660.jpg.xml,bending
11_frame_02667.jpg.xml,bending
11_frame_02771.jpg.xml,bending
11_frame_02785.jpg.xml,bending
11_frame_02789.jpg.xml,bending
11_frame_02791.jpg.xml,bending
11_frame_02795.jpg.xml,bending
11_frame_02843.jpg.xml,bending
11_frame_02855.jpg.xml,bending
11_frame_02859.jpg.xml,bending
11_frame_02865.jpg.xml,bending
11_frame_02869.jpg.xml,normal
11_frame_02872.jpg.xml,bending
11_frame_02878.jpg.xml,bending
11_frame_02879.jpg.xml,bending
11_frame_02933.jpg.xml,bending
11_frame_02939.jpg.xml,bending
11_frame_03187.jpg.xml,bending
11_frame_03193.jpg.xml,bending
11_frame_03199.jpg.xml,bending
11_frame_03213.jpg.xml,bending
11_frame_03221.jpg.xml,bending
11_frame_03228.jpg.xml,bending
11_frame_03236.jpg.xml,bending
11_frame_03241.jpg.xml,bending
11_frame_03251.jpg.xml,bending
11_frame_04107.jpg.xml,normal
11_frame_04319.jpg.xml,normal
11_frame_04632.jpg.xml,bending
11_frame_04839.jpg.xml,changing glass
12_frame_00041.jpg.xml,bending
12_frame_00042.jpg.xml,bending
12_frame_00043.jpg.xml,bending
12_frame_00144.jpg.xml,normal
12_frame_00145.jpg.xml,normal
12_frame_00806.jpg.xml,normal
12_frame_00813.jpg.xml,bending
12_frame_01060.jpg.xml,changing glass
12_frame_01128.jpg.xml,bending
12_frame_01135.jpg.xml,bending
12_frame_01141.jpg.xml,bending
12_frame_01149.jpg.xml,bending
12_frame_01157.jpg.xml,bending
12_frame_01171.jpg.xml,bending
12_frame_01174.jpg.xml,bending
12_frame_01175.jpg.xml,bending
12_frame_01181.jpg.xml,bending
12_frame_01190.jpg.xml,bending
12_frame_01194.jpg.xml,bending
12_frame_01198.jpg.xml,bending
12_frame_01206.jpg.xml,bending
12_frame_01380.jpg.xml,normal
12_frame_01463.jpg.xml,bending
12_frame_01560.jpg.xml,changing glass
12_frame_01587.jpg.xml,changing glass
12_frame_01588.jpg.xml,changing glass
12_frame_01589.jpg.xml,changing glass
12_frame_01619.jpg.xml,bending
12_frame_01643.jpg.xml,bending
12_frame_01646.jpg.xml,bending
12_frame_01653.jpg.xml,bending
12_frame_01659.jpg.xml,bending
12_frame_01662.jpg.xml,normal
12_frame_01704.jpg.xml,changing glass
12_frame_01707.jpg.xml,bending
12_frame_01708.jpg.xml,bending
12_frame_01835.jpg.xml,bending
12_frame_02111.jpg.xml,bending
12_frame_02119.jpg.xml,bending
12_frame_02222.jpg.xml,bending
12_frame_02224.jpg.xml,bending
12_frame_02239.jpg.xml,bending
12_frame_02246.jpg.xml,bending
12_frame_02248.jpg.xml,bending
12_frame_02264.jpg.xml,bending
12_frame_02270.jpg.xml,bending
12_frame_02289.jpg.xml,bending
12_frame_02341.jpg.xml,bending
12_frame_02345.jpg.xml,bending
12_frame_02348.jpg.xml,bending
12_frame_02356.jpg.xml,bending
12_frame_02452.jpg.xml,bending
12_frame_02456.jpg.xml,bending
12_frame_02490.jpg.xml,bending
12_frame_02496.jpg.xml,bending
12_frame_02504.jpg.xml,bending
12_frame_02515.jpg.xml,bending
12_frame_02523.jpg.xml,bending
12_frame_02530.jpg.xml,bending
12_frame_02566.jpg.xml,bending
12_frame_02577.jpg.xml,bending
12_frame_02594.jpg.xml,bending
12_frame_02619.jpg.xml,bending
12_frame_02621.jpg.xml,bending
12_frame_02623.jpg.xml,bending
12_frame_02643.jpg.xml,bending
12_frame_02661.jpg.xml,bending
12_frame_02669.jpg.xml,bending
12_frame_02677.jpg.xml,bending
12_frame_02681.jpg.xml,bending
12_frame_02685.jpg.xml,bending
12_frame_02960.jpg.xml,changing glass
12_frame_02961.jpg.xml,changing glass
12_frame_02962.jpg.xml,changing glass
12_frame_02963.jpg.xml,changing glass
12_frame_02969.jpg.xml,changing glass
12_frame_02972.jpg.xml,changing glass
12_frame_02974.jpg.xml,bending
12_frame_04236.jpg.xml,bending
12_frame_04293.jpg.xml,bending
12_frame_04342.jpg.xml,normal
12_frame_04359.jpg.xml,normal
vp14_0_10.jpg.xml,normal
vp14_0_100.jpg.xml,eating
vp14_0_101.jpg.xml,eating
vp14_0_102.jpg.xml,normal
vp14_0_103.jpg.xml,normal
vp14_0_104.jpg.xml,normal
vp14_0_11.jpg.xml,normal
vp14_0_112.jpg.xml,normal
vp14_0_113.jpg.xml,eating
vp14_0_114.jpg.xml,eating
vp14_0_115.jpg.xml,eating
vp14_0_116.jpg.xml,eating
vp14_0_12.jpg.xml,normal
vp14_0_124.jpg.xml,eating
vp14_0_125.jpg.xml,eating
vp14_0_127.jpg.xml,eating
vp14_0_13.jpg.xml,normal
vp14_0_134.jpg.xml,eating
vp14_0_135.jpg.xml,eating
vp14_0_14.jpg.xml,normal
vp14_0_141.jpg.xml,normal
vp14_0_142.jpg.xml,normal
vp14_0_143.jpg.xml,eating
vp14_0_144.jpg.xml,eating
vp14_0_145.jpg.xml,eating
vp14_0_146.jpg.xml,eating
vp14_0_147.jpg.xml,eating
vp14_0_15.jpg.xml,normal
vp14_0_155.jpg.xml,eating
vp14_0_156.jpg.xml,eating
vp14_0_19.jpg.xml,eating
vp14_0_20.jpg.xml,eating
vp14_0_3.jpg.xml,normal
vp14_0_31.jpg.xml,normal
vp14_0_36.jpg.xml,normal
vp14_0_37.jpg.xml,normal
vp14_0_38.jpg.xml,drinking
vp14_0_39.jpg.xml,drinking
vp14_0_4.jpg.xml,normal
vp14_0_40.jpg.xml,normal
vp14_0_41.jpg.xml,drinking
vp14_0_42.jpg.xml,drinking
vp14_0_43.jpg.xml,drinking
vp14_0_44.jpg.xml,drinking
vp14_0_45.jpg.xml,drinking
vp14_0_46.jpg.xml,drinking
vp14_0_47.jpg.xml,drinking
vp14_0_48.jpg.xml,drinking
vp14_0_49.jpg.xml,drinking
vp14_0_5.jpg.xml,normal
vp14_0_50.jpg.xml,drinking
vp14_0_51.jpg.xml,drinking
vp14_0_52.jpg.xml,drinking
vp14_0_53.jpg.xml,drinking
vp14_0_54.jpg.xml,drinking
vp14_0_55.jpg.xml,drinking
vp14_0_56.jpg.xml,drinking
vp14_0_57.jpg.xml,drinking
vp14_0_58.jpg.xml,drinking
vp14_0_6.jpg.xml,normal
vp14_0_68.jpg.xml,normal
vp14_0_69.jpg.xml,eating
vp14_0_7.jpg.xml,normal
vp14_0_70.jpg.xml,eating
vp14_0_71.jpg.xml,eating
vp14_0_74.jpg.xml,eating
vp14_0_79.jpg.xml,drinking
vp14_0_8.jpg.xml,normal
vp14_0_80.jpg.xml,drinking
vp14_0_81.jpg.xml,drinking
vp14_0_82.jpg.xml,drinking
vp14_0_83.jpg.xml,drinking
vp14_0_84.jpg.xml,drinking
vp14_0_85.jpg.xml,drinking
vp14_0_86.jpg.xml,drinking
vp14_0_87.jpg.xml,drinking
vp14_0_88.jpg.xml,normal
vp14_0_9.jpg.xml,normal
vp14_0_96.jpg.xml,eating
vp14_0_97.jpg.xml,eating
vp14_0_98.jpg.xml,eating
vp14_0_99.jpg.xml,eating
vp14_1_10.jpg.xml,normal
vp14_1_100.jpg.xml,eating
vp14_1_101.jpg.xml,eating
vp14_1_102.jpg.xml,eating
vp14_1_11.jpg.xml,normal
vp14_1_110.jpg.xml,eating
vp14_1_111.jpg.xml,eating
vp14_1_112.jpg.xml,eating
vp14_1_113.jpg.xml,eating
vp14_1_117.jpg.xml,eating
vp14_1_12.jpg.xml,normal
vp14_1_121.jpg.xml,normal
vp14_1_124.jpg.xml,eating
vp14_1_126.jpg.xml,eating
vp14_1_127.jpg.xml,eating
vp14_1_128.jpg.xml,eating
vp14_1_129.jpg.xml,eating
vp14_1_13.jpg.xml,normal
vp14_1_134.jpg.xml,eating
vp14_1_135.jpg.xml,eating
vp14_1_136.jpg.xml,eating
vp14_1_137.jpg.xml,eating
vp14_1_14.jpg.xml,normal
vp14_1_144.jpg.xml,eating
vp14_1_145.jpg.xml,eating
vp14_1_146.jpg.xml,eating
vp14_1_15.jpg.xml,normal
vp14_1_150.jpg.xml,normal
vp14_1_151.jpg.xml,drinking
vp14_1_152.jpg.xml,drinking
vp14_1_153.jpg.xml,drinking
vp14_1_154.jpg.xml,drinking
vp14_1_155.jpg.xml,drinking
vp14_1_156.jpg.xml,drinking
vp14_1_157.jpg.xml,drinking
vp14_1_158.jpg.xml,drinking
vp14_1_159.jpg.xml,drinking
vp14_1_16.jpg.xml,normal
vp14_1_160.jpg.xml,drinking
vp14_1_161.jpg.xml,drinking
vp14_1_162.jpg.xml,drinking
vp14_1_163.jpg.xml,drinking
vp14_1_164.jpg.xml,drinking
vp14_1_165.jpg.xml,drinking
vp14_1_166.jpg.xml,drinking
vp14_1_167.jpg.xml,drinking
vp14_1_168.jpg.xml,drinking
vp14_1_169.jpg.xml,drinking
vp14_1_17.jpg.xml,normal
vp14_1_170.jpg.xml,drinking
vp14_1_171.jpg.xml,drinking
vp14_1_172.jpg.xml,drinking
vp14_1_173.jpg.xml,drinking
vp14_1_174.jpg.xml,normal
vp14_1_175.jpg.xml,normal
vp14_1_178.jpg.xml,normal
vp14_1_179.jpg.xml,drinking
vp14_1_18.jpg.xml,normal
vp14_1_180.jpg.xml,drinking
vp14_1_181.jpg.xml,drinking
vp14_1_189.jpg.xml,eating
vp14_1_19.jpg.xml,normal
vp14_1_190.jpg.xml,eating
vp14_1_191.jpg.xml,eating
vp14_1_192.jpg.xml,eating
vp14_1_193.jpg.xml,eating
vp14_1_194.jpg.xml,eating
vp14_1_195.jpg.xml,eating
vp14_1_196.jpg.xml,eating
vp14_1_197.jpg.xml,eating
vp14_1_198.jpg.xml,eating
vp14_1_20.jpg.xml,normal
vp14_1_21.jpg.xml,normal
vp14_1_22.jpg.xml,normal
vp14_1_23.jpg.xml,normal
vp14_1_24.jpg.xml,drinking
vp14_1_25.jpg.xml,drinking
vp14_1_26.jpg.xml,drinking
vp14_1_27.jpg.xml,drinking
vp14_1_28.jpg.xml,drinking
vp14_1_29.jpg.xml,drinking
vp14_1_30.jpg.xml,drinking
vp14_1_31.jpg.xml,drinking
vp14_1_32.jpg.xml,drinking
vp14_1_33.jpg.xml,drinking
vp14_1_38.jpg.xml,eating
vp14_1_39.jpg.xml,eating
vp14_1_40.jpg.xml,eating
vp14_1_41.jpg.xml,eating
vp14_1_42.jpg.xml,eating
vp14_1_46.jpg.xml,normal
vp14_1_47.jpg.xml,eating
vp14_1_48.jpg.xml,normal
vp14_1_49.jpg.xml,eating
vp14_1_5.jpg.xml,normal
vp14_1_50.jpg.xml,eating
vp14_1_51.jpg.xml,eating
vp14_1_52.jpg.xml,eating
vp14_1_53.jpg.xml,eating
vp14_1_54.jpg.xml,eating
vp14_1_56.jpg.xml,normal
vp14_1_57.jpg.xml,normal
vp14_1_58.jpg.xml,normal
vp14_1_59.jpg.xml,normal
vp14_1_6.jpg.xml,normal
vp14_1_60.jpg.xml,normal
vp14_1_61.jpg.xml,normal
vp14_1_62.jpg.xml,normal
vp14_1_63.jpg.xml,normal
vp14_1_64.jpg.xml,drinking
vp14_1_65.jpg.xml,drinking
vp14_1_66.jpg.xml,drinking
vp14_1_67.jpg.xml,drinking
vp14_1_68.jpg.xml,drinking
vp14_1_69.jpg.xml,drinking
vp14_1_7.jpg.xml,normal
vp14_1_70.jpg.xml,drinking
vp14_1_71.jpg.xml,drinking
vp14_1_72.jpg.xml,drinking
vp14_1_73.jpg.xml,drinking
vp14_1_74.jpg.xml,drinking
vp14_1_75.jpg.xml,drinking
vp14_1_76.jpg.xml,drinking
vp14_1_77.jpg.xml,drinking
vp14_1_78.jpg.xml,drinking
vp14_1_79.jpg.xml,normal
vp14_1_8.jpg.xml,normal
vp14_1_80.jpg.xml,normal
vp14_1_81.jpg.xml,normal
vp14_1_82.jpg.xml,normal
vp14_1_9.jpg.xml,drinking
vp14_1_90.jpg.xml,eating
vp14_1_91.jpg.xml,eating
vp14_1_92.jpg.xml,eating
vp14_1_93.jpg.xml,eating
vp14_1_94.jpg.xml,normal
