label,age,gender,Lighting,Action,Occlusion,item
Y5NSVT2BZQ8S.jpg,Unknown,Unknown,Unknown,Unknown,Unknown,seatbelt
HQXR3AZ329RZ.jpg,Unknown,Unknown,Unknown,Unknown,Unknown,seatbelt
96259J3JMZ7S.jpg,Unknown,Unknown,Unknown,Unknown,Unknown,seatbelt
F14D1UW054XZ.jpg,Unknown,Unknown,Unknown,Unknown,Unknown,seatbelt
YJK9G6JRT8MN.jpg,Unknown,Unknown,Unknown,Unknown,Unknown,seatbelt
TTNVUKXTULEV.jpg,Unknown,Unknown,Unknown,Unknown,Unknown,seatbelt
ASR2DFOK202V.jpg,Unknown,Unknown,Unknown,Unknown,Unknown,seatbelt
DDLFIE3JBX6D.jpg,Unknown,Unknown,Unknown,Unknown,Unknown,seatbelt
RT70UERHI7MO.jpg,Unknown,Unknown,Unknown,Unknown,Unknown,seatbelt
0CF18I85VRSW.jpg,Unknown,Unknown,Unknown,Unknown,Unknown,seatbelt
1W53657BFU76.jpg,Unknown,Unknown,Unknown,Unknown,Unknown,seatbelt
FPBKKFTZYQZ2.jpg,Unknown,Unknown,Unknown,Unknown,Unknown,seatbelt
YDD4PHFEXQ02.jpg,Unknown,Unknown,Unknown,Unknown,Unknown,seatbelt
PSDT5CMH68DZ.jpg,Unknown,Unknown,Unknown,Unknown,Unknown,seatbelt
JT85I7MAAC69.jpg,Unknown,Unknown,Unknown,Unknown,Unknown,seatbelt
42GAI8IW0G40.jpg,Unknown,Unknown,Unknown,Unknown,Unknown,seatbelt
8NFNRMAUH59Y.jpg,Unknown,Unknown,Unknown,Unknown,Unknown,seatbelt
5H8RQ96I02XS.jpg,Unknown,Unknown,Unknown,Unknown,Unknown,seatbelt
XT9JRJK5S826.jpg,Unknown,Unknown,Unknown,Unknown,Unknown,seatbelt
MNMTWUQ655UG.jpg,Unknown,Unknown,Unknown,Unknown,Unknown,seatbelt
YX6HJ32QGYZM.jpg,Unknown,Unknown,Unknown,Unknown,Unknown,seatbelt
P1BCCDW5K3GD.jpg,Unknown,Unknown,Unknown,Unknown,Unknown,seatbelt
G1U90LEW0TIS.jpg,Unknown,Unknown,Unknown,Unknown,Unknown,seatbelt
D6540BID98RE.jpg,Unknown,Unknown,Unknown,Unknown,Unknown,seatbelt
X6Y3PBC6RAUB.jpg,Unknown,Unknown,Unknown,Unknown,Unknown,seatbelt
5T2PPMIDZJ4P.jpg,Unknown,Unknown,Unknown,Unknown,Unknown,seatbelt
Z5A3VQHJCKR3.jpg,Unknown,Unknown,Unknown,Unknown,Unknown,seatbelt
1IPS8EBJGYIF.jpg,Unknown,Unknown,Unknown,Unknown,Unknown,seatbelt
MSBBOAN0JGAT.jpg,Unknown,Unknown,Unknown,Unknown,Unknown,seatbelt
CB8UZVG1O16F.jpg,Unknown,Unknown,Unknown,Unknown,Unknown,seatbelt
S70QZV0ZORO6.jpg,Unknown,Unknown,Unknown,Unknown,Unknown,seatbelt
1O5HIZJYMMFO.jpg,Unknown,Unknown,Unknown,Unknown,Unknown,seatbelt
PGEBOOYBZPMM.jpg,Unknown,Unknown,Unknown,Unknown,Unknown,seatbelt
9YVQH5ZXQR7M.jpg,Unknown,Unknown,Unknown,Unknown,Unknown,seatbelt
WF0MB0WVMPKE.jpg,Unknown,Unknown,Unknown,Unknown,Unknown,seatbelt
WY9X49HZ55X3.jpg,Unknown,Unknown,Unknown,Unknown,Unknown,seatbelt
Z1V5QJ2WFIPP.jpg,Unknown,Unknown,Unknown,Unknown,Unknown,seatbelt
MNDDYAG7PFDA.jpg,Unknown,Unknown,Unknown,Unknown,Unknown,seatbelt
8LC4SMP2UKR6.jpg,Unknown,Unknown,Unknown,Unknown,Unknown,seatbelt
PZEIEI10KEM9.jpg,Unknown,Unknown,Unknown,Unknown,Unknown,seatbelt
G2C5P1D2O5CL.jpg,Unknown,Unknown,Unknown,Unknown,Unknown,seatbelt
GYRYMOP4QD21.jpg,Unknown,Unknown,Unknown,Unknown,Unknown,seatbelt
UFUFR2GZH9WO.jpg,Unknown,Unknown,Unknown,Unknown,Unknown,seatbelt
EF9EVHXZTZZ8.jpg,Unknown,Unknown,Unknown,Unknown,Unknown,seatbelt
SRKDVMGVIC4L.jpg,Unknown,Unknown,Unknown,Unknown,Unknown,seatbelt
GH80X6ZRT8MY.jpg,Unknown,Unknown,Unknown,Unknown,Unknown,seatbelt
LT4I1L8QE4S6.jpg,Unknown,Unknown,Unknown,Unknown,Unknown,seatbelt
OWOZ6JPQ33OI.jpg,Unknown,Unknown,Unknown,Unknown,Unknown,seatbelt
ANWKQYAW4KT6.jpg,Unknown,Unknown,Unknown,Unknown,Unknown,seatbelt
3N6NYSCAKLKP.jpg,Unknown,Unknown,Unknown,Unknown,Unknown,seatbelt
ONUNPV88IULW.jpg,Unknown,Unknown,Unknown,Unknown,Unknown,seatbelt
TXU17OBFW1TU.jpg,Unknown,Unknown,Unknown,Unknown,Unknown,seatbelt
8WNSEWYS7EZJ.jpg,Unknown,Unknown,Unknown,Unknown,Unknown,seatbelt
IPNYMDNNJNBV.jpg,Unknown,Unknown,Unknown,Unknown,Unknown,seatbelt
92TSVDEJI7BF.jpg,Unknown,Unknown,Unknown,Unknown,Unknown,seatbelt
QIP1C1074BZA.jpg,Unknown,Unknown,Unknown,Unknown,Unknown,seatbelt
APO0ZEH17JGY.jpg,Unknown,Unknown,Unknown,Unknown,Unknown,seatbelt
EDQP4GM55HSU.jpg,Unknown,Unknown,Unknown,Unknown,Unknown,seatbelt
0KNBO2WBS4GP.jpg,Unknown,Unknown,Unknown,Unknown,Unknown,seatbelt
D9L3VK01BQUP.jpg,Unknown,Unknown,Unknown,Unknown,Unknown,seatbelt
MWS1VIWYGLYI.jpg,Unknown,Unknown,Unknown,Unknown,Unknown,seatbelt
Z4IDL4CO8WRC.jpg,Unknown,Unknown,Unknown,Unknown,Unknown,seatbelt
LQI5EGHREJBF.jpg,Unknown,Unknown,Unknown,Unknown,Unknown,seatbelt
QRIH7PFYHLJ9.jpg,Unknown,Unknown,Unknown,Unknown,Unknown,seatbelt
3SXJ98XRDMJ0.jpg,Unknown,Unknown,Unknown,Unknown,Unknown,seatbelt
X5OSMU734Q3R.jpg,Unknown,Unknown,Unknown,Unknown,Unknown,seatbelt
2VPF3A2RWUVO.jpg,Unknown,Unknown,Unknown,Unknown,Unknown,seatbelt
S3B6LZKPJNCQ.jpg,Unknown,Unknown,Unknown,Unknown,Unknown,seatbelt
DQ33VOSXZZI6.jpg,Unknown,Unknown,Unknown,Unknown,Unknown,seatbelt
UIFZAKUVZ7G1.jpg,Unknown,Unknown,Unknown,Unknown,Unknown,seatbelt
U2EXV7V6JVRK.jpg,Unknown,Unknown,Unknown,Unknown,Unknown,seatbelt
L84P4LSTXZIV.jpg,Unknown,Unknown,Unknown,Unknown,Unknown,seatbelt
ZT94418P8RQH.jpg,Unknown,Unknown,Unknown,Unknown,Unknown,seatbelt
AD7NR8EEB9FI.jpg,Unknown,Unknown,Unknown,Unknown,Unknown,seatbelt
OEK2OUUEGP9D.jpg,Unknown,Unknown,Unknown,Unknown,Unknown,seatbelt
QBSGUQ0H7ZHN.jpg,Unknown,Unknown,Unknown,Unknown,Unknown,seatbelt
WAUSC3IE3FGB.jpg,Unknown,Unknown,Unknown,Unknown,Unknown,seatbelt
GTUL8D4C3KDQ.jpg,Unknown,Unknown,Unknown,Unknown,Unknown,seatbelt
IZRJNMW0ZU4I.jpg,Unknown,Unknown,Unknown,Unknown,Unknown,seatbelt
7P1OHO44W674.jpg,Unknown,Unknown,Unknown,Unknown,Unknown,seatbelt
L3O4V7QSTX0Q.jpg,Unknown,Unknown,Unknown,Unknown,Unknown,seatbelt
HH7YIZ40DUIC.jpg,Unknown,Unknown,Unknown,Unknown,Unknown,seatbelt
DTI6BIYB5C04.jpg,Unknown,Unknown,Unknown,Unknown,Unknown,seatbelt
AZU8QZAUD3W6.jpg,Unknown,Unknown,Unknown,Unknown,Unknown,seatbelt
8T4H5SHB9SVQ.jpg,Unknown,Unknown,Unknown,Unknown,Unknown,seatbelt
Q15O5BT8PBJX.jpg,Unknown,Unknown,Unknown,Unknown,Unknown,seatbelt
CI59MM3WM686.jpg,Unknown,Unknown,Unknown,Unknown,Unknown,seatbelt
L3X5YR46AZMU.jpg,Unknown,Unknown,Unknown,Unknown,Unknown,seatbelt
PUNMU1XY7G4R.jpg,Unknown,Unknown,Unknown,Unknown,Unknown,seatbelt
NWR8N3WA0UME.jpg,Unknown,Unknown,Unknown,Unknown,Unknown,seatbelt
DWEP3RODLJ1Y.jpg,Unknown,Unknown,Unknown,Unknown,Unknown,seatbelt
4AE90E90M5FY.jpg,Unknown,Unknown,Unknown,Unknown,Unknown,seatbelt
DC4UCMXP3S6D.jpg,Unknown,Unknown,Unknown,Unknown,Unknown,seatbelt
IZBHYY4BJV2B.jpg,Unknown,Unknown,Unknown,Unknown,Unknown,seatbelt
AL17DONWV30A.jpg,Unknown,Unknown,Unknown,Unknown,Unknown,seatbelt
V7AIN8S55JOT.jpg,Unknown,Unknown,Unknown,Unknown,Unknown,seatbelt
4X5TEEFZM7BX.jpg,Unknown,Unknown,Unknown,Unknown,Unknown,seatbelt
IGB45KC6RP4Y.jpg,Unknown,Unknown,Unknown,Unknown,Unknown,seatbelt
IA5HUD27A31Z.jpg,Unknown,Unknown,Unknown,Unknown,Unknown,seatbelt
MUYYUBS4HUVM.jpg,Unknown,Unknown,Unknown,Unknown,Unknown,seatbelt
AE815T2H8454.jpg,Unknown,Unknown,Unknown,Unknown,Unknown,seatbelt
UXX1WB4KAN6T.jpg,Unknown,Unknown,Unknown,Unknown,Unknown,seatbelt
X1SPPN4R1GWZ.jpg,Unknown,Unknown,Unknown,Unknown,Unknown,seatbelt
JRP1PTN3WOLJ.jpg,Unknown,Unknown,Unknown,Unknown,Unknown,seatbelt
IX7K3H95POL6.jpg,Unknown,Unknown,Unknown,Unknown,Unknown,seatbelt
PQVY4YQWXC0X.jpg,Unknown,Unknown,Unknown,Unknown,Unknown,seatbelt
D9CAFH57QB5V.jpg,Unknown,Unknown,Unknown,Unknown,Unknown,seatbelt
S36XK32QTJZT.jpg,Unknown,Unknown,Unknown,Unknown,Unknown,seatbelt
GYKC1909CO9O.jpg,Unknown,Unknown,Unknown,Unknown,Unknown,seatbelt
KUYN0E8A03WT.jpg,Unknown,Unknown,Unknown,Unknown,Unknown,seatbelt
13Q8QCN2CHB4.jpg,Unknown,Unknown,Unknown,Unknown,Unknown,seatbelt
6ZP2EINZOWMJ.jpg,Unknown,Unknown,Unknown,Unknown,Unknown,seatbelt
87WAUNP9I84X.jpg,Unknown,Unknown,Unknown,Unknown,Unknown,seatbelt
6AIOXBD65LK1.jpg,Unknown,Unknown,Unknown,Unknown,Unknown,seatbelt
KH0DCC8HUS08.jpg,Unknown,Unknown,Unknown,Unknown,Unknown,seatbelt
KFLG09ZTMQJA.jpg,Unknown,Unknown,Unknown,Unknown,Unknown,seatbelt
N7MMYYV4GDNQ.jpg,Unknown,Unknown,Unknown,Unknown,Unknown,seatbelt
MJ26A9PTHU2C.jpg,Unknown,Unknown,Unknown,Unknown,Unknown,seatbelt
TY1RLUH05PFV.jpg,Unknown,Unknown,Unknown,Unknown,Unknown,seatbelt
H1RYRIYS1M3N.jpg,Unknown,Unknown,Unknown,Unknown,Unknown,seatbelt
291TJVEEPEBO.jpg,Unknown,Unknown,Unknown,Unknown,Unknown,seatbelt
974O3IGHB13U.jpg,Unknown,Unknown,Unknown,Unknown,Unknown,seatbelt
D6GT9NHZSKLL.jpg,Unknown,Unknown,Unknown,Unknown,Unknown,seatbelt
ZLKLVRHLAMLW.jpg,Unknown,Unknown,Unknown,Unknown,Unknown,seatbelt
H7DHZ1WP3BKN.jpg,Unknown,Unknown,Unknown,Unknown,Unknown,seatbelt
Z2DLOVTWDHID.jpg,Unknown,Unknown,Unknown,Unknown,Unknown,seatbelt
NQXGOXKN3BUO.jpg,Unknown,Unknown,Unknown,Unknown,Unknown,seatbelt
CJ31IJGJ66M4.jpg,Unknown,Unknown,Unknown,Unknown,Unknown,seatbelt
EAFGNX85X485.jpg,Unknown,Unknown,Unknown,Unknown,Unknown,seatbelt
RA60BVXE5NGG.jpg,Unknown,Unknown,Unknown,Unknown,Unknown,seatbelt
ERX8JANTLPQ1.jpg,Unknown,Unknown,Unknown,Unknown,Unknown,seatbelt
A4236XYOE300.jpg,Unknown,Unknown,Unknown,Unknown,Unknown,seatbelt
BRKPUF7H7VRR.jpg,Unknown,Unknown,Unknown,Unknown,Unknown,seatbelt
G8OFCZJAPEL9.jpg,Unknown,Unknown,Unknown,Unknown,Unknown,seatbelt
B4VW67IHAUGF.jpg,Unknown,Unknown,Unknown,Unknown,Unknown,seatbelt
H5OHFEX7FLND.jpg,Unknown,Unknown,Unknown,Unknown,Unknown,seatbelt
5OE1YE2E1SF3.jpg,Unknown,Unknown,Unknown,Unknown,Unknown,seatbelt
BTSYLIUCE1YO.jpg,Unknown,Unknown,Unknown,Unknown,Unknown,seatbelt
RQOCLB74JVIQ.jpg,Unknown,Unknown,Unknown,Unknown,Unknown,seatbelt
4IXR0Q57IO0U.jpg,Unknown,Unknown,Unknown,Unknown,Unknown,seatbelt
8Z3PGSV6FGUP.jpg,Unknown,Unknown,Unknown,Unknown,Unknown,seatbelt
ZLEKAB9XWNMX.jpg,Unknown,Unknown,Unknown,Unknown,Unknown,seatbelt
X5142EG84D5A.jpg,Unknown,Unknown,Unknown,Unknown,Unknown,seatbelt
5IO69G46YIRP.jpg,Unknown,Unknown,Unknown,Unknown,Unknown,seatbelt
ZU6LHIB28GGS.jpg,Unknown,Unknown,Unknown,Unknown,Unknown,seatbelt
QTFU99ZR34P3.jpg,Unknown,Unknown,Unknown,Unknown,Unknown,seatbelt
M2VEXYIWM4GB.jpg,Unknown,Unknown,Unknown,Unknown,Unknown,seatbelt
I7UGDFWIVJYL.jpg,Unknown,Unknown,Unknown,Unknown,Unknown,seatbelt
YV4OIPFT8E89.jpg,Unknown,Unknown,Unknown,Unknown,Unknown,seatbelt
1WD8490TNEBU.jpg,Unknown,Unknown,Unknown,Unknown,Unknown,seatbelt
OR3PYUEP4XJA.jpg,Unknown,Unknown,Unknown,Unknown,Unknown,seatbelt
WBC7ULUQBFBE.jpg,Unknown,Unknown,Unknown,Unknown,Unknown,seatbelt
WOTF507MA20S.jpg,Unknown,Unknown,Unknown,Unknown,Unknown,seatbelt
S9CMSMK21ZAP.jpg,Unknown,Unknown,Unknown,Unknown,Unknown,seatbelt
VPK23ILL42YZ.jpg,Unknown,Unknown,Unknown,Unknown,Unknown,seatbelt
U4A7Q81JPFI6.jpg,Unknown,Unknown,Unknown,Unknown,Unknown,seatbelt
EL2MM9I3QQU5.jpg,Unknown,Unknown,Unknown,Unknown,Unknown,seatbelt
CO4VSANNWKYJ.jpg,Unknown,Unknown,Unknown,Unknown,Unknown,seatbelt
M1KL76PNWX6K.jpg,Unknown,Unknown,Unknown,Unknown,Unknown,seatbelt
T2PVHX1K5GQT.jpg,Unknown,Unknown,Unknown,Unknown,Unknown,seatbelt
Z485CEJCB1P9.jpg,Unknown,Unknown,Unknown,Unknown,Unknown,seatbelt
5102JJOEHEPJ.jpg,Unknown,Unknown,Unknown,Unknown,Unknown,seatbelt
WHU2P6F06TSB.jpg,Unknown,Unknown,Unknown,Unknown,Unknown,seatbelt
NSEIKIF2PP0O.jpg,Unknown,Unknown,Unknown,Unknown,Unknown,seatbelt
J703KMFMJD9F.jpg,Unknown,Unknown,Unknown,Unknown,Unknown,seatbelt
X1OMZJX1PTB8.jpg,Unknown,Unknown,Unknown,Unknown,Unknown,seatbelt
VO8MYODO7QQ7.jpg,Unknown,Unknown,Unknown,Unknown,Unknown,seatbelt
ZPZFPEAJBPB5.jpg,Unknown,Unknown,Unknown,Unknown,Unknown,seatbelt
AXQ16CQEQZEI.jpg,Unknown,Unknown,Unknown,Unknown,Unknown,seatbelt
SM7X3TTI4AMI.jpg,Unknown,Unknown,Unknown,Unknown,Unknown,seatbelt
BKZ67LCKQ9NL.jpg,Unknown,Unknown,Unknown,Unknown,Unknown,seatbelt
LAOEB492RVZM.jpg,Unknown,Unknown,Unknown,Unknown,Unknown,seatbelt
66S115CVEDYW.jpg,Unknown,Unknown,Unknown,Unknown,Unknown,seatbelt
TL67TQWHL78X.jpg,Unknown,Unknown,Unknown,Unknown,Unknown,seatbelt
HUFIA8JYJI1I.jpg,Unknown,Unknown,Unknown,Unknown,Unknown,seatbelt
8XJR8AP8Q82X.jpg,Unknown,Unknown,Unknown,Unknown,Unknown,seatbelt
97F5B4M2VUJV.jpg,Unknown,Unknown,Unknown,Unknown,Unknown,seatbelt
69G8PP0F18PU.jpg,Unknown,Unknown,Unknown,Unknown,Unknown,seatbelt
2Q8A2VA75S39.jpg,Unknown,Unknown,Unknown,Unknown,Unknown,seatbelt
U6D4P010644G.jpg,Unknown,Unknown,Unknown,Unknown,Unknown,seatbelt
4LBA1CWPWRI6.jpg,Unknown,Unknown,Unknown,Unknown,Unknown,seatbelt
JPVGRZ3IKTPE.jpg,Unknown,Unknown,Unknown,Unknown,Unknown,seatbelt
5QDWCQ1AFW8K.jpg,Unknown,Unknown,Unknown,Unknown,Unknown,seatbelt
0EXVC0XIFMTG.jpg,Unknown,Unknown,Unknown,Unknown,Unknown,seatbelt
N1Z0QOYDZV3G.jpg,Unknown,Unknown,Unknown,Unknown,Unknown,seatbelt
WEBVMB9XZL43.jpg,Unknown,Unknown,Unknown,Unknown,Unknown,seatbelt
8SUZ5CVDCYHC.jpg,Unknown,Unknown,Unknown,Unknown,Unknown,seatbelt
M7CLHWDHWLP2.jpg,Unknown,Unknown,Unknown,Unknown,Unknown,seatbelt
3JXEQ52VVCTB.jpg,Unknown,Unknown,Unknown,Unknown,Unknown,seatbelt
UP3K6BFRHWN1.jpg,Unknown,Unknown,Unknown,Unknown,Unknown,seatbelt
9ALI42GMNCKW.jpg,Unknown,Unknown,Unknown,Unknown,Unknown,seatbelt
CY7LYVGVUZ9L.jpg,Unknown,Unknown,Unknown,Unknown,Unknown,seatbelt
EARNLK8H1FB8.jpg,Unknown,Unknown,Unknown,Unknown,Unknown,seatbelt
LHBXU9HNMWEG.jpg,Unknown,Unknown,Unknown,Unknown,Unknown,seatbelt
3G4OJKRPMA0Q.jpg,Unknown,Unknown,Unknown,Unknown,Unknown,seatbelt
BH9QW3ACB0HV.jpg,Unknown,Unknown,Unknown,Unknown,Unknown,seatbelt
2H3VWGPHJFX5.jpg,Unknown,Unknown,Unknown,Unknown,Unknown,seatbelt
35ZJ7L68XEQH.jpg,Unknown,Unknown,Unknown,Unknown,Unknown,seatbelt
Z7469S5INFL2.jpg,Unknown,Unknown,Unknown,Unknown,Unknown,seatbelt
VVV4C2194IX7.jpg,Unknown,Unknown,Unknown,Unknown,Unknown,seatbelt
JU30W3CHWC7W.jpg,Unknown,Unknown,Unknown,Unknown,Unknown,seatbelt
QJUU1YX34YSH.jpg,Unknown,Unknown,Unknown,Unknown,Unknown,seatbelt
8XNNAD2R3SE4.jpg,Unknown,Unknown,Unknown,Unknown,Unknown,seatbelt
7DLAOXN91J00.jpg,Unknown,Unknown,Unknown,Unknown,Unknown,seatbelt
EMCFU16MEQE9.jpg,Unknown,Unknown,Unknown,Unknown,Unknown,seatbelt
Z0TNLJB9HIRE.jpg,Unknown,Unknown,Unknown,Unknown,Unknown,seatbelt
1RIKVGY65SZV.jpg,Unknown,Unknown,Unknown,Unknown,Unknown,seatbelt
JRGJODPOX8HA.jpg,Unknown,Unknown,Unknown,Unknown,Unknown,seatbelt
2MSIJTWXNDW4.jpg,Unknown,Unknown,Unknown,Unknown,Unknown,seatbelt
OPYWL9O55LF4.jpg,Unknown,Unknown,Unknown,Unknown,Unknown,seatbelt
07F0LELXS9GA.jpg,Unknown,Unknown,Unknown,Unknown,Unknown,seatbelt
TQGG8Y9PEIN3.jpg,Unknown,Unknown,Unknown,Unknown,Unknown,seatbelt
6X2FX7XSS2MA.jpg,Unknown,Unknown,Unknown,Unknown,Unknown,seatbelt
LXR90KLVQ229.jpg,Unknown,Unknown,Unknown,Unknown,Unknown,seatbelt
GBOHGYBHD5FJ.jpg,Unknown,Unknown,Unknown,Unknown,Unknown,seatbelt
MMFIDST8FB7C.jpg,Unknown,Unknown,Unknown,Unknown,Unknown,seatbelt
B29A3K7OJTBJ.jpg,Unknown,Unknown,Unknown,Unknown,Unknown,seatbelt
HSVQMFCJM9S8.jpg,Unknown,Unknown,Unknown,Unknown,Unknown,seatbelt
LVS4VB7Z5ASL.jpg,Unknown,Unknown,Unknown,Unknown,Unknown,seatbelt
U5JMB1E4J47Y.jpg,Unknown,Unknown,Unknown,Unknown,Unknown,seatbelt
4YVBX9GEYWYW.jpg,Unknown,Unknown,Unknown,Unknown,Unknown,seatbelt
JSZMHMW3TIQO.jpg,Unknown,Unknown,Unknown,Unknown,Unknown,seatbelt
UEM6D01HMJMK.jpg,Unknown,Unknown,Unknown,Unknown,Unknown,seatbelt
HM7QVUII2X2N.jpg,Unknown,Unknown,Unknown,Unknown,Unknown,seatbelt
Q6268X6U0VIY.jpg,Unknown,Unknown,Unknown,Unknown,Unknown,seatbelt
KJ58MPH4UCUS.jpg,Unknown,Unknown,Unknown,Unknown,Unknown,seatbelt
V2VA7MW0YH8O.jpg,Unknown,Unknown,Unknown,Unknown,Unknown,seatbelt
0ICC4VCV0TPD.jpg,Unknown,Unknown,Unknown,Unknown,Unknown,seatbelt
8X86EH80I67K.jpg,Unknown,Unknown,Unknown,Unknown,Unknown,seatbelt
DS5Q5VR715Y8.jpg,Unknown,Unknown,Unknown,Unknown,Unknown,seatbelt
3200UAQ1FSUO.jpg,Unknown,Unknown,Unknown,Unknown,Unknown,seatbelt
Z21K64XSU0MJ.jpg,Unknown,Unknown,Unknown,Unknown,Unknown,seatbelt
DRZH8J57EJY7.jpg,Unknown,Unknown,Unknown,Unknown,Unknown,seatbelt
WICHD81039ET.jpg,Unknown,Unknown,Unknown,Unknown,Unknown,seatbelt
W07ZHGJTVCBE.jpg,Unknown,Unknown,Unknown,Unknown,Unknown,seatbelt
8KRT65D47ND3.jpg,Unknown,Unknown,Unknown,Unknown,Unknown,seatbelt
ORYV1O0D7409.jpg,Unknown,Unknown,Unknown,Unknown,Unknown,seatbelt
U5ZKTYUKN047.jpg,Unknown,Unknown,Unknown,Unknown,Unknown,seatbelt
MZ25VQFCRM8J.jpg,Unknown,Unknown,Unknown,Unknown,Unknown,seatbelt
D0HGEGTOCNIQ.jpg,Unknown,Unknown,Unknown,Unknown,Unknown,seatbelt
LQ29NR2JYFTM.jpg,Unknown,Unknown,Unknown,Unknown,Unknown,seatbelt
H4VW7UJNFDMA.jpg,Unknown,Unknown,Unknown,Unknown,Unknown,seatbelt
BFZ98ZIPL1DX.jpg,Unknown,Unknown,Unknown,Unknown,Unknown,seatbelt
J9QFDBHD1OAE.jpg,Unknown,Unknown,Unknown,Unknown,Unknown,seatbelt
80SLZPQ37ZQ4.jpg,Unknown,Unknown,Unknown,Unknown,Unknown,seatbelt
BN160SD1BX39.jpg,Unknown,Unknown,Unknown,Unknown,Unknown,seatbelt
DIQ4JE09RPOW.jpg,Unknown,Unknown,Unknown,Unknown,Unknown,seatbelt
FPZEUCA1GF0B.jpg,Unknown,Unknown,Unknown,Unknown,Unknown,seatbelt
8XJK8HW39FIC.jpg,Unknown,Unknown,Unknown,Unknown,Unknown,seatbelt
MVC88VS6RW12.jpg,Unknown,Unknown,Unknown,Unknown,Unknown,seatbelt
LSGQFEE12WJ2.jpg,Unknown,Unknown,Unknown,Unknown,Unknown,seatbelt
WZSV1IIVI4NR.jpg,Unknown,Unknown,Unknown,Unknown,Unknown,seatbelt
LW28AMSH5S36.jpg,Unknown,Unknown,Unknown,Unknown,Unknown,seatbelt
U9OQ4T54D0YF.jpg,Unknown,Unknown,Unknown,Unknown,Unknown,seatbelt
7UXDXYKSZS7F.jpg,Unknown,Unknown,Unknown,Unknown,Unknown,seatbelt
P95HPUUAN3U8.jpg,Unknown,Unknown,Unknown,Unknown,Unknown,seatbelt
LQY307V6F2S6.jpg,Unknown,Unknown,Unknown,Unknown,Unknown,seatbelt
S6L54ECHFVZY.jpg,Unknown,Unknown,Unknown,Unknown,Unknown,seatbelt
BCHBY9AFMEZE.jpg,Unknown,Unknown,Unknown,Unknown,Unknown,seatbelt
7KQDGC4RNXPS.jpg,Unknown,Unknown,Unknown,Unknown,Unknown,seatbelt
3FI58DC5GY0Q.jpg,Unknown,Unknown,Unknown,Unknown,Unknown,seatbelt
HP7FFNPSKZXS.jpg,Unknown,Unknown,Unknown,Unknown,Unknown,seatbelt
YDTZT6ATDCNB.jpg,Unknown,Unknown,Unknown,Unknown,Unknown,seatbelt
82OQL641848Q.jpg,Unknown,Unknown,Unknown,Unknown,Unknown,seatbelt
04Z1YP2B82BQ.jpg,Unknown,Unknown,Unknown,Unknown,Unknown,seatbelt
OVJ8IMKIPN91.jpg,Unknown,Unknown,Unknown,Unknown,Unknown,seatbelt
SUQVOQYW9UIP.jpg,Unknown,Unknown,Unknown,Unknown,Unknown,seatbelt
U7KDUM4ISPVU.jpg,Unknown,Unknown,Unknown,Unknown,Unknown,seatbelt
Y4UDO051WD7G.jpg,Unknown,Unknown,Unknown,Unknown,Unknown,seatbelt
WOIP8ZFOS59B.jpg,Unknown,Unknown,Unknown,Unknown,Unknown,seatbelt
26IZVEXCE0VP.jpg,Unknown,Unknown,Unknown,Unknown,Unknown,seatbelt
IBWVZ7J5MKWG.jpg,Unknown,Unknown,Unknown,Unknown,Unknown,seatbelt
XBSIU8NOY7C1.jpg,Unknown,Unknown,Unknown,Unknown,Unknown,seatbelt
TNTWRV3ZG48U.jpg,Unknown,Unknown,Unknown,Unknown,Unknown,seatbelt
ZZFP5WN1S8AS.jpg,Unknown,Unknown,Unknown,Unknown,Unknown,seatbelt
KF9IU9GN52EP.jpg,Unknown,Unknown,Unknown,Unknown,Unknown,seatbelt
9X6QYTVJ9LHK.jpg,Unknown,Unknown,Unknown,Unknown,Unknown,seatbelt
C4GC1YX7N36B.jpg,Unknown,Unknown,Unknown,Unknown,Unknown,seatbelt
2TLDN7BCVVMQ.jpg,Unknown,Unknown,Unknown,Unknown,Unknown,seatbelt
HZQR9MOHUBMD.jpg,Unknown,Unknown,Unknown,Unknown,Unknown,seatbelt
J702VMTMN9F9.jpg,Unknown,Unknown,Unknown,Unknown,Unknown,seatbelt
RW1JK0ZJ7RQ9.jpg,Unknown,Unknown,Unknown,Unknown,Unknown,seatbelt
QIZ6IR45QKUE.jpg,Unknown,Unknown,Unknown,Unknown,Unknown,seatbelt
CQCJGFFWTME5.jpg,Unknown,Unknown,Unknown,Unknown,Unknown,seatbelt
WYOCL34ZSTZO.jpg,Unknown,Unknown,Unknown,Unknown,Unknown,seatbelt
6CUG1OGP0GXC.jpg,Unknown,Unknown,Unknown,Unknown,Unknown,seatbelt
DIK16MKZOLDC.jpg,Unknown,Unknown,Unknown,Unknown,Unknown,seatbelt
W5LXL45HR0BA.jpg,Unknown,Unknown,Unknown,Unknown,Unknown,seatbelt
JZ76LYQVHGIK.jpg,Unknown,Unknown,Unknown,Unknown,Unknown,seatbelt
6IV60ZCHPTFI.jpg,Unknown,Unknown,Unknown,Unknown,Unknown,seatbelt
IAM79OE9588Q.jpg,Unknown,Unknown,Unknown,Unknown,Unknown,seatbelt
3AP2YJNYZUHI.jpg,Unknown,Unknown,Unknown,Unknown,Unknown,seatbelt
M3567UPJGAD8.jpg,Unknown,Unknown,Unknown,Unknown,Unknown,seatbelt
24IU34DL4MNC.jpg,Unknown,Unknown,Unknown,Unknown,Unknown,seatbelt
TDIKCK3OKU5Y.jpg,Unknown,Unknown,Unknown,Unknown,Unknown,seatbelt
HJNTHNJMB8UL.jpg,Unknown,Unknown,Unknown,Unknown,Unknown,seatbelt
6Y30VQPEW6D0.jpg,Unknown,Unknown,Unknown,Unknown,Unknown,seatbelt
PQLF47WQSRQZ.jpg,Unknown,Unknown,Unknown,Unknown,Unknown,seatbelt
GBFOOZ648H00.jpg,Unknown,Unknown,Unknown,Unknown,Unknown,seatbelt
789DWTET1X1H.jpg,Unknown,Unknown,Unknown,Unknown,Unknown,seatbelt
LMNDYTR2OV7P.jpg,Unknown,Unknown,Unknown,Unknown,Unknown,seatbelt
ZEY03S5YYUHC.jpg,Unknown,Unknown,Unknown,Unknown,Unknown,seatbelt
W0W19Y42JX52.jpg,Unknown,Unknown,Unknown,Unknown,Unknown,seatbelt
X65SM99F3YCL.jpg,Unknown,Unknown,Unknown,Unknown,Unknown,seatbelt
U7PULNAD8DKL.jpg,Unknown,Unknown,Unknown,Unknown,Unknown,seatbelt
8N8BV5NSG4ZK.jpg,Unknown,Unknown,Unknown,Unknown,Unknown,seatbelt
5ZJ55CVG6P1W.jpg,Unknown,Unknown,Unknown,Unknown,Unknown,seatbelt
M8OQXNRZV09P.jpg,Unknown,Unknown,Unknown,Unknown,Unknown,seatbelt
5BFD3QFN5RMA.jpg,Unknown,Unknown,Unknown,Unknown,Unknown,seatbelt
95LPO4FOSLJ8.jpg,Unknown,Unknown,Unknown,Unknown,Unknown,seatbelt
PV14MN2TPRS3.jpg,Unknown,Unknown,Unknown,Unknown,Unknown,seatbelt
YDQYJ4QIY2D9.jpg,Unknown,Unknown,Unknown,Unknown,Unknown,seatbelt
9KIC884MGWU4.jpg,Unknown,Unknown,Unknown,Unknown,Unknown,seatbelt
WMT0SMY8NVKG.jpg,Unknown,Unknown,Unknown,Unknown,Unknown,seatbelt
GFNE77XRXNLI.jpg,Unknown,Unknown,Unknown,Unknown,Unknown,seatbelt
KW7IFN0VZY3S.jpg,Unknown,Unknown,Unknown,Unknown,Unknown,seatbelt
U622PXZ6M2W2.jpg,Unknown,Unknown,Unknown,Unknown,Unknown,seatbelt
CS5Q9Y0FAKXK.jpg,Unknown,Unknown,Unknown,Unknown,Unknown,seatbelt
6TMK0U1LYYHS.jpg,Unknown,Unknown,Unknown,Unknown,Unknown,seatbelt
ZS97PC94OWSJ.jpg,Unknown,Unknown,Unknown,Unknown,Unknown,seatbelt
AFYHNIPDX36N.jpg,Unknown,Unknown,Unknown,Unknown,Unknown,seatbelt
LUPKARU6WR1S.jpg,Unknown,Unknown,Unknown,Unknown,Unknown,seatbelt
YTO10WZ3XCK7.jpg,Unknown,Unknown,Unknown,Unknown,Unknown,seatbelt
JL3CBEXX0MG8.jpg,Unknown,Unknown,Unknown,Unknown,Unknown,seatbelt
3U55GG8GPDXW.jpg,Unknown,Unknown,Unknown,Unknown,Unknown,seatbelt
WDQUMVW2FRTV.jpg,Unknown,Unknown,Unknown,Unknown,Unknown,seatbelt
S2SMQLILR9QF.jpg,Unknown,Unknown,Unknown,Unknown,Unknown,seatbelt
OIQ3RF82F3C5.jpg,Unknown,Unknown,Unknown,Unknown,Unknown,seatbelt
TVUNL6DASABW.jpg,Unknown,Unknown,Unknown,Unknown,Unknown,seatbelt
MUXU7KZ6Y61C.jpg,Unknown,Unknown,Unknown,Unknown,Unknown,seatbelt
ID3V0YA72J1B.jpg,Unknown,Unknown,Unknown,Unknown,Unknown,seatbelt
2QTIDPS27CTD.jpg,Unknown,Unknown,Unknown,Unknown,Unknown,seatbelt
1YLR172RDLM3.jpg,Unknown,Unknown,Unknown,Unknown,Unknown,seatbelt
XMUPMTZ0VJCZ.jpg,Unknown,Unknown,Unknown,Unknown,Unknown,seatbelt
NDM830S8CYM8.jpg,Unknown,Unknown,Unknown,Unknown,Unknown,seatbelt
863FUZZZDEAO.jpg,Unknown,Unknown,Unknown,Unknown,Unknown,seatbelt
R76DEN8DIGAE.jpg,Unknown,Unknown,Unknown,Unknown,Unknown,seatbelt
HOCMAEY0EW9Y.jpg,Unknown,Unknown,Unknown,Unknown,Unknown,seatbelt
TQ4LBHBD5FAT.jpg,Unknown,Unknown,Unknown,Unknown,Unknown,seatbelt
Q9Y2BI2GHHCL.jpg,Unknown,Unknown,Unknown,Unknown,Unknown,seatbelt
OEDQJ70XRSIU.jpg,Unknown,Unknown,Unknown,Unknown,Unknown,seatbelt
UEJX6H8J603F.jpg,Unknown,Unknown,Unknown,Unknown,Unknown,seatbelt
ZA5H9LAFZ013.jpg,Unknown,Unknown,Unknown,Unknown,Unknown,seatbelt
WKHZPWIU810G.jpg,Unknown,Unknown,Unknown,Unknown,Unknown,seatbelt
ZNOF1K6HWX9D.jpg,Unknown,Unknown,Unknown,Unknown,Unknown,seatbelt
60839MLZIHCS.jpg,Unknown,Unknown,Unknown,Unknown,Unknown,seatbelt
AFGGQXHDKY9I.jpg,Unknown,Unknown,Unknown,Unknown,Unknown,seatbelt
Q9UOP2X256GY.jpg,Unknown,Unknown,Unknown,Unknown,Unknown,seatbelt
WIEYF7WF06HB.jpg,Unknown,Unknown,Unknown,Unknown,Unknown,seatbelt
I0DK0XLM8B30.jpg,Unknown,Unknown,Unknown,Unknown,Unknown,seatbelt
BHQ3NKJX6AEN.jpg,Unknown,Unknown,Unknown,Unknown,Unknown,seatbelt
YFZ1TPY9C15O.jpg,Unknown,Unknown,Unknown,Unknown,Unknown,seatbelt
ANUWCWJVMO39.jpg,Unknown,Unknown,Unknown,Unknown,Unknown,seatbelt
RXYWVRTQI6XJ.jpg,Unknown,Unknown,Unknown,Unknown,Unknown,seatbelt
TEQHSIGQA0VQ.jpg,Unknown,Unknown,Unknown,Unknown,Unknown,seatbelt
ZTPAR3C47H58.jpg,Unknown,Unknown,Unknown,Unknown,Unknown,seatbelt
N3AEV8SAL82Q.jpg,Unknown,Unknown,Unknown,Unknown,Unknown,seatbelt
0Q35D27AWRXL.jpg,Unknown,Unknown,Unknown,Unknown,Unknown,seatbelt
6BA4AWZJLVW2.jpg,Unknown,Unknown,Unknown,Unknown,Unknown,seatbelt
5CD2F2Y29QGJ.jpg,Unknown,Unknown,Unknown,Unknown,Unknown,seatbelt
DIIOGD2ZM3NZ.jpg,Unknown,Unknown,Unknown,Unknown,Unknown,seatbelt
N7ICMEI6RB8T.jpg,Unknown,Unknown,Unknown,Unknown,Unknown,seatbelt
FZ50L2TZJITQ.jpg,Unknown,Unknown,Unknown,Unknown,Unknown,seatbelt
64F5OCJTCTDI.jpg,Unknown,Unknown,Unknown,Unknown,Unknown,seatbelt
HLFGEDCA8MJC.jpg,Unknown,Unknown,Unknown,Unknown,Unknown,seatbelt
UW124Z2X66GX.jpg,Unknown,Unknown,Unknown,Unknown,Unknown,seatbelt
AAIGI708MWK5.jpg,Unknown,Unknown,Unknown,Unknown,Unknown,seatbelt
UUWE156AX1MT.jpg,Unknown,Unknown,Unknown,Unknown,Unknown,seatbelt
XH5HLYMKJOL3.jpg,Unknown,Unknown,Unknown,Unknown,Unknown,seatbelt
EQ1LXB0WQ2VB.jpg,Unknown,Unknown,Unknown,Unknown,Unknown,seatbelt
JUJZTQHTC9C6.jpg,Unknown,Unknown,Unknown,Unknown,Unknown,seatbelt
U32MND6GZWUX.jpg,Unknown,Unknown,Unknown,Unknown,Unknown,seatbelt
EFDX9V1DR4G0.jpg,Unknown,Unknown,Unknown,Unknown,Unknown,seatbelt
RB6OMNDC5C7K.jpg,Unknown,Unknown,Unknown,Unknown,Unknown,seatbelt
WG4L2XEQK7X2.jpg,Unknown,Unknown,Unknown,Unknown,Unknown,seatbelt
W0IT22CMY9OO.jpg,Unknown,Unknown,Unknown,Unknown,Unknown,seatbelt
DN51YIYFER46.jpg,Unknown,Unknown,Unknown,Unknown,Unknown,seatbelt
221JBW5TMVMO.jpg,Unknown,Unknown,Unknown,Unknown,Unknown,seatbelt
YLBNFNGON28E.jpg,Unknown,Unknown,Unknown,Unknown,Unknown,seatbelt
AX42J5YQ3FFT.jpg,Unknown,Unknown,Unknown,Unknown,Unknown,seatbelt
Z3GWTLPCY000.jpg,Unknown,Unknown,Unknown,Unknown,Unknown,seatbelt
X8ASQPF3CZUP.jpg,Unknown,Unknown,Unknown,Unknown,Unknown,seatbelt
1XGWH65326SA.jpg,Unknown,Unknown,Unknown,Unknown,Unknown,seatbelt
2T3M2ROM6ZEV.jpg,Unknown,Unknown,Unknown,Unknown,Unknown,seatbelt
J11K2UO57EMK.jpg,Unknown,Unknown,Unknown,Unknown,Unknown,seatbelt
PCYZCQPWXVHX.jpg,Unknown,Unknown,Unknown,Unknown,Unknown,seatbelt
G6PDMIYVCYD4.jpg,Unknown,Unknown,Unknown,Unknown,Unknown,seatbelt
EM48IE1II8V8.jpg,Unknown,Unknown,Unknown,Unknown,Unknown,seatbelt
Y3LBVG49Y3YW.jpg,Unknown,Unknown,Unknown,Unknown,Unknown,seatbelt
TJWLWJTMGQDS.jpg,Unknown,Unknown,Unknown,Unknown,Unknown,seatbelt
BHZVRC75BGBR.jpg,Unknown,Unknown,Unknown,Unknown,Unknown,seatbelt
0X4IK5AZXWNV.jpg,Unknown,Unknown,Unknown,Unknown,Unknown,seatbelt
PHUJODUNE1KS.jpg,Unknown,Unknown,Unknown,Unknown,Unknown,seatbelt
JAQYGYD83NFX.jpg,Unknown,Unknown,Unknown,Unknown,Unknown,seatbelt
HDS1YV4458FX.jpg,Unknown,Unknown,Unknown,Unknown,Unknown,seatbelt
LVPSB2H4Y935.jpg,Unknown,Unknown,Unknown,Unknown,Unknown,seatbelt
R87V1ZQYGLDL.jpg,Unknown,Unknown,Unknown,Unknown,Unknown,seatbelt
LLX16RCW3E9X.jpg,Unknown,Unknown,Unknown,Unknown,Unknown,seatbelt
7TC20DIYFHSE.jpg,Unknown,Unknown,Unknown,Unknown,Unknown,seatbelt
M2VENIGZJ1U4.jpg,Unknown,Unknown,Unknown,Unknown,Unknown,seatbelt
7VIX0UHUWATD.jpg,Unknown,Unknown,Unknown,Unknown,Unknown,seatbelt
YQR81A4RNJ3F.jpg,Unknown,Unknown,Unknown,Unknown,Unknown,seatbelt
Q7M1JWGC7YU3.jpg,Unknown,Unknown,Unknown,Unknown,Unknown,seatbelt
CHLQGITW2B9F.jpg,Unknown,Unknown,Unknown,Unknown,Unknown,seatbelt
CAQO3AF60YF5.jpg,Unknown,Unknown,Unknown,Unknown,Unknown,seatbelt
LFA55C999GMO.jpg,Unknown,Unknown,Unknown,Unknown,Unknown,seatbelt
6AVIU7ZGVB3L.jpg,Unknown,Unknown,Unknown,Unknown,Unknown,seatbelt
Y18RUL1NP45Z.jpg,Unknown,Unknown,Unknown,Unknown,Unknown,seatbelt
X3TP1WMO19G1.jpg,Unknown,Unknown,Unknown,Unknown,Unknown,seatbelt
U72WLTVANNCD.jpg,Unknown,Unknown,Unknown,Unknown,Unknown,seatbelt
1Q2FEL13M5XU.jpg,Unknown,Unknown,Unknown,Unknown,Unknown,seatbelt
EWLPJQV8MA2K.jpg,Unknown,Unknown,Unknown,Unknown,Unknown,seatbelt
JULKN270RFA2.jpg,Unknown,Unknown,Unknown,Unknown,Unknown,seatbelt
UG5ZVQTSOM93.jpg,Unknown,Unknown,Unknown,Unknown,Unknown,seatbelt
MNQIUCAE8E1M.jpg,Unknown,Unknown,Unknown,Unknown,Unknown,seatbelt
055RXO31SQXG.jpg,Unknown,Unknown,Unknown,Unknown,Unknown,seatbelt
MJR52G2J072K.jpg,Unknown,Unknown,Unknown,Unknown,Unknown,seatbelt
16USLEWHOKG8.jpg,Unknown,Unknown,Unknown,Unknown,Unknown,seatbelt
6AIQ4QGOIP0Y.jpg,Unknown,Unknown,Unknown,Unknown,Unknown,seatbelt
1XG79HHP1YZR.jpg,Unknown,Unknown,Unknown,Unknown,Unknown,seatbelt
05XZNQ783LYD.jpg,Unknown,Unknown,Unknown,Unknown,Unknown,seatbelt
8TRSV0Z1D001.jpg,Unknown,Unknown,Unknown,Unknown,Unknown,seatbelt
3LP90XCZFR0H.jpg,Unknown,Unknown,Unknown,Unknown,Unknown,seatbelt
2VFSCH9V7N22.jpg,Unknown,Unknown,Unknown,Unknown,Unknown,seatbelt
L6NXPEXTR96X.jpg,Unknown,Unknown,Unknown,Unknown,Unknown,seatbelt
PU1JPVZSHR8I.jpg,Unknown,Unknown,Unknown,Unknown,Unknown,seatbelt
POJWOWYJAGVZ.jpg,Unknown,Unknown,Unknown,Unknown,Unknown,seatbelt
SGT31BCZQRZ2.jpg,Unknown,Unknown,Unknown,Unknown,Unknown,seatbelt
3U8PL3U5XNER.jpg,Unknown,Unknown,Unknown,Unknown,Unknown,seatbelt
CGE0ABE1W9J5.jpg,Unknown,Unknown,Unknown,Unknown,Unknown,seatbelt
U2AJSC10W2HF.jpg,Unknown,Unknown,Unknown,Unknown,Unknown,seatbelt
89672KNHNDQU.jpg,Unknown,Unknown,Unknown,Unknown,Unknown,seatbelt
ZU6C6WBOK7M5.jpg,Unknown,Unknown,Unknown,Unknown,Unknown,seatbelt
8X2R5LUEHCP1.jpg,Unknown,Unknown,Unknown,Unknown,Unknown,seatbelt
CPLGS6KPQL07.jpg,Unknown,Unknown,Unknown,Unknown,Unknown,seatbelt
CALMMPCHX1VT.jpg,Unknown,Unknown,Unknown,Unknown,Unknown,seatbelt
B9RQ5FGF4AE8.jpg,Unknown,Unknown,Unknown,Unknown,Unknown,seatbelt
TEYHD0ZDBQDL.jpg,Unknown,Unknown,Unknown,Unknown,Unknown,seatbelt
BKMSDAOOKUB1.jpg,Unknown,Unknown,Unknown,Unknown,Unknown,seatbelt
SYAKOD48WUFY.jpg,Unknown,Unknown,Unknown,Unknown,Unknown,seatbelt
6ABNXZJSSIG3.jpg,Unknown,Unknown,Unknown,Unknown,Unknown,seatbelt
K4ZR1QYVAF0G.jpg,Unknown,Unknown,Unknown,Unknown,Unknown,seatbelt
49IHZ9GZ1QZB.jpg,Unknown,Unknown,Unknown,Unknown,Unknown,seatbelt
1YDOGDYNY52L.jpg,Unknown,Unknown,Unknown,Unknown,Unknown,seatbelt
HPAOPKGXGX3E.jpg,Unknown,Unknown,Unknown,Unknown,Unknown,seatbelt
FSSGV4QP198N.jpg,Unknown,Unknown,Unknown,Unknown,Unknown,seatbelt
XLGZNADPWFC4.jpg,Unknown,Unknown,Unknown,Unknown,Unknown,seatbelt
59G6JS58AWA0.jpg,Unknown,Unknown,Unknown,Unknown,Unknown,seatbelt
8BB7UF95LKA1.jpg,Unknown,Unknown,Unknown,Unknown,Unknown,seatbelt
L887J9XAKRH9.jpg,Unknown,Unknown,Unknown,Unknown,Unknown,seatbelt
VZE3VS5M1NQH.jpg,Unknown,Unknown,Unknown,Unknown,Unknown,seatbelt
HYO2I3951WPY.jpg,Unknown,Unknown,Unknown,Unknown,Unknown,seatbelt
BC4OKWR0EDUW.jpg,Unknown,Unknown,Unknown,Unknown,Unknown,seatbelt
CJBOV13YKKVG.jpg,Unknown,Unknown,Unknown,Unknown,Unknown,seatbelt
9AKZ9T1NCDJ0.jpg,Unknown,Unknown,Unknown,Unknown,Unknown,seatbelt
CZI3W1RW6PVS.jpg,Unknown,Unknown,Unknown,Unknown,Unknown,seatbelt
XSM8VFY23DG6.jpg,Unknown,Unknown,Unknown,Unknown,Unknown,seatbelt
JKA5DY5F8YQV.jpg,Unknown,Unknown,Unknown,Unknown,Unknown,seatbelt
YIR4D0BFW06Y.jpg,Unknown,Unknown,Unknown,Unknown,Unknown,seatbelt
5DZIOKA4RJ72.jpg,Unknown,Unknown,Unknown,Unknown,Unknown,seatbelt
JJERVO4G03Y7.jpg,Unknown,Unknown,Unknown,Unknown,Unknown,seatbelt
WW8Y9X90KAJN.jpg,Unknown,Unknown,Unknown,Unknown,Unknown,seatbelt
IZ3M6TM0C6OF.jpg,Unknown,Unknown,Unknown,Unknown,Unknown,seatbelt
0FPT7JJNE5KE.jpg,Unknown,Unknown,Unknown,Unknown,Unknown,seatbelt
EHETO5J2NFHY.jpg,Unknown,Unknown,Unknown,Unknown,Unknown,seatbelt
V5CQHPEJXLO1.jpg,Unknown,Unknown,Unknown,Unknown,Unknown,seatbelt
6Z5CLS2YCG3S.jpg,Unknown,Unknown,Unknown,Unknown,Unknown,seatbelt
ZU5NFAWIWGW9.jpg,Unknown,Unknown,Unknown,Unknown,Unknown,seatbelt
MS5RXQ8JYJQB.jpg,Unknown,Unknown,Unknown,Unknown,Unknown,seatbelt
4EAQVTHEI93S.jpg,Unknown,Unknown,Unknown,Unknown,Unknown,seatbelt
9K7PRXWSNV21.jpg,Unknown,Unknown,Unknown,Unknown,Unknown,seatbelt
QUHHJP2A21OH.jpg,Unknown,Unknown,Unknown,Unknown,Unknown,seatbelt
W1NPF9MK8YYI.jpg,Unknown,Unknown,Unknown,Unknown,Unknown,seatbelt
AXPCFJW9FRGL.jpg,Unknown,Unknown,Unknown,Unknown,Unknown,seatbelt
NXU4QEF13XLQ.jpg,Unknown,Unknown,Unknown,Unknown,Unknown,seatbelt
C1Y44GIPCKGS.jpg,Unknown,Unknown,Unknown,Unknown,Unknown,seatbelt
JWBYKSNV9SHB.jpg,Unknown,Unknown,Unknown,Unknown,Unknown,seatbelt
SRUFC6ZPMLHT.jpg,Unknown,Unknown,Unknown,Unknown,Unknown,seatbelt
TRL32N22WAJB.jpg,Unknown,Unknown,Unknown,Unknown,Unknown,seatbelt
XT3W1CLJGWHG.jpg,Unknown,Unknown,Unknown,Unknown,Unknown,seatbelt
J36TZJOX572S.jpg,Unknown,Unknown,Unknown,Unknown,Unknown,seatbelt
X3H5UA2YI6AV.jpg,Unknown,Unknown,Unknown,Unknown,Unknown,seatbelt
ABUPGPRP9TFG.jpg,Unknown,Unknown,Unknown,Unknown,Unknown,seatbelt
DIQ4I5UO3W2N.jpg,Unknown,Unknown,Unknown,Unknown,Unknown,seatbelt
LDQ5MRXDX2TS.jpg,Unknown,Unknown,Unknown,Unknown,Unknown,seatbelt
A65K3FP4KUKF.jpg,Unknown,Unknown,Unknown,Unknown,Unknown,seatbelt
RCFIZ503RD0H.jpg,Unknown,Unknown,Unknown,Unknown,Unknown,seatbelt
819D471MD4VG.jpg,Unknown,Unknown,Unknown,Unknown,Unknown,seatbelt
EJFGM0XYH31T.jpg,Unknown,Unknown,Unknown,Unknown,Unknown,seatbelt
LYPCFT3OIJ2R.jpg,Unknown,Unknown,Unknown,Unknown,Unknown,seatbelt
WZM3AVAVNOPZ.jpg,Unknown,Unknown,Unknown,Unknown,Unknown,seatbelt
NJ85NUFAD7D7.jpg,Unknown,Unknown,Unknown,Unknown,Unknown,seatbelt
XY2SP2D34CU5.jpg,Unknown,Unknown,Unknown,Unknown,Unknown,seatbelt
6WMSZ7GG6ACF.jpg,Unknown,Unknown,Unknown,Unknown,Unknown,seatbelt
C60YVMLC9WKL.jpg,Unknown,Unknown,Unknown,Unknown,Unknown,seatbelt
VURLHC6WHWTX.jpg,Unknown,Unknown,Unknown,Unknown,Unknown,seatbelt
MZLSLH68PBKC.jpg,Unknown,Unknown,Unknown,Unknown,Unknown,seatbelt
OJDSUHMGJXQ4.jpg,Unknown,Unknown,Unknown,Unknown,Unknown,seatbelt
WQ8OLN74KIYG.jpg,Unknown,Unknown,Unknown,Unknown,Unknown,seatbelt
JPZ88IQKA93S.jpg,Unknown,Unknown,Unknown,Unknown,Unknown,seatbelt
H8FSKMX9BTKF.jpg,Unknown,Unknown,Unknown,Unknown,Unknown,seatbelt
1O5N8HH26KK4.jpg,Unknown,Unknown,Unknown,Unknown,Unknown,seatbelt
EFGNYO0IL9PT.jpg,Unknown,Unknown,Unknown,Unknown,Unknown,seatbelt
D0BEOSGDFA8X.jpg,Unknown,Unknown,Unknown,Unknown,Unknown,seatbelt
SW6EG3Q4V4M1.jpg,Unknown,Unknown,Unknown,Unknown,Unknown,seatbelt
CHJMDECKCHVX.jpg,Unknown,Unknown,Unknown,Unknown,Unknown,seatbelt
S1WT4AA72XD7.jpg,Unknown,Unknown,Unknown,Unknown,Unknown,seatbelt
S8SRWYZ18EI6.jpg,Unknown,Unknown,Unknown,Unknown,Unknown,seatbelt
VZIX82Z444XS.jpg,Unknown,Unknown,Unknown,Unknown,Unknown,seatbelt
AZEUSRNU0H40.jpg,Unknown,Unknown,Unknown,Unknown,Unknown,seatbelt
WQY5UQQJ1O41.jpg,Unknown,Unknown,Unknown,Unknown,Unknown,seatbelt
AL7456WOWYLB.jpg,Unknown,Unknown,Unknown,Unknown,Unknown,seatbelt
R38SDFPLNDY0.jpg,Unknown,Unknown,Unknown,Unknown,Unknown,seatbelt
AD8AGS41CPY7.jpg,Unknown,Unknown,Unknown,Unknown,Unknown,seatbelt
SPMPCGY4MVS7.jpg,Unknown,Unknown,Unknown,Unknown,Unknown,seatbelt
JQ4ELBKHQYTU.jpg,Unknown,Unknown,Unknown,Unknown,Unknown,seatbelt
TFLCM6MQTV49.jpg,Unknown,Unknown,Unknown,Unknown,Unknown,seatbelt
WCCDRPMZFSLU.jpg,Unknown,Unknown,Unknown,Unknown,Unknown,seatbelt
GTB9MB9A2FTP.jpg,Unknown,Unknown,Unknown,Unknown,Unknown,seatbelt
0SWI2340R1J8.jpg,Unknown,Unknown,Unknown,Unknown,Unknown,seatbelt
ODSNRL8O41MU.jpg,Unknown,Unknown,Unknown,Unknown,Unknown,seatbelt
E6RIVYFOKXVY.jpg,Unknown,Unknown,Unknown,Unknown,Unknown,seatbelt
AIA1OS7ZXMO2.jpg,Unknown,Unknown,Unknown,Unknown,Unknown,seatbelt
FP58OFMTPWQG.jpg,Unknown,Unknown,Unknown,Unknown,Unknown,seatbelt
YSWST80J3FC4.jpg,Unknown,Unknown,Unknown,Unknown,Unknown,seatbelt
QEQZIKGNX9RS.jpg,Unknown,Unknown,Unknown,Unknown,Unknown,seatbelt
0WQROGTRL8S4.jpg,Unknown,Unknown,Unknown,Unknown,Unknown,seatbelt
NIYMUJWYQDJA.jpg,Unknown,Unknown,Unknown,Unknown,Unknown,seatbelt
VCWOWZ3WO6A0.jpg,Unknown,Unknown,Unknown,Unknown,Unknown,seatbelt
4YCLSOX6TD1B.jpg,Unknown,Unknown,Unknown,Unknown,Unknown,seatbelt
ATB0P8Z3X4JH.jpg,Unknown,Unknown,Unknown,Unknown,Unknown,seatbelt
AQB8YMN37IJ2.jpg,Unknown,Unknown,Unknown,Unknown,Unknown,seatbelt
XE7YDF6QSQQP.jpg,Unknown,Unknown,Unknown,Unknown,Unknown,seatbelt
0NDKB2OHQXLK.jpg,Unknown,Unknown,Unknown,Unknown,Unknown,seatbelt
VUF9RGJYCUS9.jpg,Unknown,Unknown,Unknown,Unknown,Unknown,seatbelt
5YFHWTLOM58N.jpg,Unknown,Unknown,Unknown,Unknown,Unknown,seatbelt
CJEDNLDJZG90.jpg,Unknown,Unknown,Unknown,Unknown,Unknown,seatbelt
HP1S0UEV5XXX.jpg,Unknown,Unknown,Unknown,Unknown,Unknown,seatbelt
AU11OATFCXXT.jpg,Unknown,Unknown,Unknown,Unknown,Unknown,seatbelt
TGG7KXTCFVGN.jpg,Unknown,Unknown,Unknown,Unknown,Unknown,seatbelt
WFE61U5W2668.jpg,Unknown,Unknown,Unknown,Unknown,Unknown,seatbelt
8XLXDEO1REYJ.jpg,Unknown,Unknown,Unknown,Unknown,Unknown,seatbelt
YE4LD9FAHVS2.jpg,Unknown,Unknown,Unknown,Unknown,Unknown,seatbelt
1Q296FZ4FAY2.jpg,Unknown,Unknown,Unknown,Unknown,Unknown,seatbelt
RZWGZB7QEFTT.jpg,Unknown,Unknown,Unknown,Unknown,Unknown,seatbelt
4JENYRNWI2IY.jpg,Unknown,Unknown,Unknown,Unknown,Unknown,seatbelt
MYQMA2VZ0OWS.jpg,Unknown,Unknown,Unknown,Unknown,Unknown,seatbelt
RDE2UWHAS4HV.jpg,Unknown,Unknown,Unknown,Unknown,Unknown,seatbelt
L38C73AS5E1C.jpg,Unknown,Unknown,Unknown,Unknown,Unknown,seatbelt
4RX1KW7LPBZ5.jpg,Unknown,Unknown,Unknown,Unknown,Unknown,seatbelt
7SNA6MMMLK0K.jpg,Unknown,Unknown,Unknown,Unknown,Unknown,seatbelt
3KS25AK47CMX.jpg,Unknown,Unknown,Unknown,Unknown,Unknown,seatbelt
3K41WGU6FSQ0.jpg,Unknown,Unknown,Unknown,Unknown,Unknown,seatbelt
OCGUZW7TLFQL.jpg,Unknown,Unknown,Unknown,Unknown,Unknown,seatbelt
BF0JR86JMXDG.jpg,Unknown,Unknown,Unknown,Unknown,Unknown,seatbelt
TOKI8LK236RT.jpg,Unknown,Unknown,Unknown,Unknown,Unknown,seatbelt
KT9GO9XVXZE5.jpg,Unknown,Unknown,Unknown,Unknown,Unknown,seatbelt
WHOMQXUVT3JD.jpg,Unknown,Unknown,Unknown,Unknown,Unknown,seatbelt
5KFP470HOVBF.jpg,Unknown,Unknown,Unknown,Unknown,Unknown,seatbelt
4LZ6CSFFET15.jpg,Unknown,Unknown,Unknown,Unknown,Unknown,seatbelt
9QPMK9AEBXXM.jpg,Unknown,Unknown,Unknown,Unknown,Unknown,seatbelt
KGUJCIV64RE9.jpg,Unknown,Unknown,Unknown,Unknown,Unknown,seatbelt
VUBA176A5NTX.jpg,Unknown,Unknown,Unknown,Unknown,Unknown,seatbelt
5ATYVVWB16ED.jpg,Unknown,Unknown,Unknown,Unknown,Unknown,seatbelt
D477HY5EMINP.jpg,Unknown,Unknown,Unknown,Unknown,Unknown,seatbelt
KPW8PRHEHD84.jpg,Unknown,Unknown,Unknown,Unknown,Unknown,seatbelt
BS91CS3NOGKZ.jpg,Unknown,Unknown,Unknown,Unknown,Unknown,seatbelt
LD426DXKTDXY.jpg,Unknown,Unknown,Unknown,Unknown,Unknown,seatbelt
5HPXNDUAL6CA.jpg,Unknown,Unknown,Unknown,Unknown,Unknown,seatbelt
V9PLG1PZBB34.jpg,Unknown,Unknown,Unknown,Unknown,Unknown,seatbelt
HPIPHKE1BGVC.jpg,Unknown,Unknown,Unknown,Unknown,Unknown,seatbelt
3U4FHQCBW9ZX.jpg,Unknown,Unknown,Unknown,Unknown,Unknown,seatbelt
7KVBTU4IW3EW.jpg,Unknown,Unknown,Unknown,Unknown,Unknown,seatbelt
LI4HSE4T7M9D.jpg,Unknown,Unknown,Unknown,Unknown,Unknown,seatbelt
MBY8SLS8V4UC.jpg,Unknown,Unknown,Unknown,Unknown,Unknown,seatbelt
BI6QI1XQTY47.jpg,Unknown,Unknown,Unknown,Unknown,Unknown,seatbelt
EK4UKUOXOFA7.jpg,Unknown,Unknown,Unknown,Unknown,Unknown,seatbelt
7H490047NBLH.jpg,Unknown,Unknown,Unknown,Unknown,Unknown,seatbelt
ZH4JUWPMVZ9Q.jpg,Unknown,Unknown,Unknown,Unknown,Unknown,seatbelt
7ZXULGDUDGPU.jpg,Unknown,Unknown,Unknown,Unknown,Unknown,seatbelt
4BGSW264ZP87.jpg,Unknown,Unknown,Unknown,Unknown,Unknown,seatbelt
Z7W73AZZ830M.jpg,Unknown,Unknown,Unknown,Unknown,Unknown,seatbelt
PFMZF4S7EJFF.jpg,Unknown,Unknown,Unknown,Unknown,Unknown,seatbelt
9DPOSNZ8P0IF.jpg,Unknown,Unknown,Unknown,Unknown,Unknown,seatbelt
7S9TFOBEX5EC.jpg,Unknown,Unknown,Unknown,Unknown,Unknown,seatbelt
XVSG19PQMZ4W.jpg,Unknown,Unknown,Unknown,Unknown,Unknown,seatbelt
NVDHVZAV287Z.jpg,Unknown,Unknown,Unknown,Unknown,Unknown,seatbelt
X3T4BLAEZDQB.jpg,Unknown,Unknown,Unknown,Unknown,Unknown,seatbelt
CA6Z64L8EXYD.jpg,Unknown,Unknown,Unknown,Unknown,Unknown,seatbelt
4JGYHVDH3ZFT.jpg,Unknown,Unknown,Unknown,Unknown,Unknown,seatbelt
BF4PZEY288CG.jpg,Unknown,Unknown,Unknown,Unknown,Unknown,seatbelt
46IUOISZGSKY.jpg,Unknown,Unknown,Unknown,Unknown,Unknown,seatbelt
DR4BYWBNKC70.jpg,Unknown,Unknown,Unknown,Unknown,Unknown,seatbelt
TJQP4GLKTRAF.jpg,Unknown,Unknown,Unknown,Unknown,Unknown,seatbelt
N1WQLNGYKBKE.jpg,Unknown,Unknown,Unknown,Unknown,Unknown,seatbelt
X7EP8XRJ7QM5.jpg,Unknown,Unknown,Unknown,Unknown,Unknown,seatbelt
BPVVN95RFCBM.jpg,Unknown,Unknown,Unknown,Unknown,Unknown,seatbelt
R3Z7VTQMY5QS.jpg,Unknown,Unknown,Unknown,Unknown,Unknown,seatbelt
RGX2MWGORQM7.jpg,Unknown,Unknown,Unknown,Unknown,Unknown,seatbelt
I2537U336QM2.jpg,Unknown,Unknown,Unknown,Unknown,Unknown,seatbelt
SVX1KSWLXGXY.jpg,Unknown,Unknown,Unknown,Unknown,Unknown,seatbelt
BXDECDX01JRZ.jpg,Unknown,Unknown,Unknown,Unknown,Unknown,seatbelt
DOM8G9E0DHBQ.jpg,Unknown,Unknown,Unknown,Unknown,Unknown,seatbelt
RY7OWWI9E6UU.jpg,Unknown,Unknown,Unknown,Unknown,Unknown,seatbelt
VXGTXX8NN1IK.jpg,Unknown,Unknown,Unknown,Unknown,Unknown,seatbelt
2S6H6FDA773S.jpg,Unknown,Unknown,Unknown,Unknown,Unknown,seatbelt
9Q8URLQH0K06.jpg,Unknown,Unknown,Unknown,Unknown,Unknown,seatbelt
70PXVGDSR9HH.jpg,Unknown,Unknown,Unknown,Unknown,Unknown,seatbelt
QKUQGRCYT4U9.jpg,Unknown,Unknown,Unknown,Unknown,Unknown,seatbelt
MQZTH4F392VM.jpg,Unknown,Unknown,Unknown,Unknown,Unknown,seatbelt
9642VE8T3ZGT.jpg,Unknown,Unknown,Unknown,Unknown,Unknown,seatbelt
YGLKXJAOVF1H.jpg,Unknown,Unknown,Unknown,Unknown,Unknown,seatbelt
QPQCBFI4MSWR.jpg,Unknown,Unknown,Unknown,Unknown,Unknown,seatbelt
8O6WO7CUZSUU.jpg,Unknown,Unknown,Unknown,Unknown,Unknown,seatbelt
9FO1MUQ5HCVB.jpg,Unknown,Unknown,Unknown,Unknown,Unknown,seatbelt
BABJKUYWWX9J.jpg,Unknown,Unknown,Unknown,Unknown,Unknown,seatbelt
FEEXR2EWDEEL.jpg,Unknown,Unknown,Unknown,Unknown,Unknown,seatbelt
0H63AQNOS11J.jpg,Unknown,Unknown,Unknown,Unknown,Unknown,seatbelt
T6DMJ857I2I3.jpg,Unknown,Unknown,Unknown,Unknown,Unknown,seatbelt
41B9CWDB1EI7.jpg,Unknown,Unknown,Unknown,Unknown,Unknown,seatbelt
WBEJV97ETY1J.jpg,Unknown,Unknown,Unknown,Unknown,Unknown,seatbelt
47ABW4I7UWGP.jpg,Unknown,Unknown,Unknown,Unknown,Unknown,seatbelt
EZT3MNXCI2D0.jpg,Unknown,Unknown,Unknown,Unknown,Unknown,seatbelt
RKMLEX7GA43B.jpg,Unknown,Unknown,Unknown,Unknown,Unknown,seatbelt
V2201UF88YRF.jpg,Unknown,Unknown,Unknown,Unknown,Unknown,seatbelt
XD7W3C2OGE61.jpg,Unknown,Unknown,Unknown,Unknown,Unknown,seatbelt
AJJJMT3ZU4NI.jpg,Unknown,Unknown,Unknown,Unknown,Unknown,seatbelt
HTJX569B2S6H.jpg,Unknown,Unknown,Unknown,Unknown,Unknown,seatbelt
06S97OJ7938M.jpg,Unknown,Unknown,Unknown,Unknown,Unknown,seatbelt
HYW69GJUFVJG.jpg,Unknown,Unknown,Unknown,Unknown,Unknown,seatbelt
AMTX9OVTG49G.jpg,Unknown,Unknown,Unknown,Unknown,Unknown,seatbelt
ZO0IVH2KJQHI.jpg,Unknown,Unknown,Unknown,Unknown,Unknown,seatbelt
XCZV3ZTVOPEW.jpg,Unknown,Unknown,Unknown,Unknown,Unknown,seatbelt
XL6M8540N3PW.jpg,Unknown,Unknown,Unknown,Unknown,Unknown,seatbelt
RMVBYIJVVVPE.jpg,Unknown,Unknown,Unknown,Unknown,Unknown,seatbelt
S31KX45V7M6F.jpg,Unknown,Unknown,Unknown,Unknown,Unknown,seatbelt
GHOP96AI91KM.jpg,Unknown,Unknown,Unknown,Unknown,Unknown,seatbelt
XL67ATPI0NGY.jpg,Unknown,Unknown,Unknown,Unknown,Unknown,seatbelt
R6LMO7N4C6VZ.jpg,Unknown,Unknown,Unknown,Unknown,Unknown,seatbelt
NE3SY4D50DAC.jpg,Unknown,Unknown,Unknown,Unknown,Unknown,seatbelt
TDRTNIOP0PYB.jpg,Unknown,Unknown,Unknown,Unknown,Unknown,seatbelt
UL3FUQ78I1H2.jpg,Unknown,Unknown,Unknown,Unknown,Unknown,seatbelt
PZ0GDOI59QHA.jpg,Unknown,Unknown,Unknown,Unknown,Unknown,seatbelt
2E7JSNR0MQUZ.jpg,Unknown,Unknown,Unknown,Unknown,Unknown,seatbelt
IBWQFRSD26S4.jpg,Unknown,Unknown,Unknown,Unknown,Unknown,seatbelt
VPXI69WDB1T4.jpg,Unknown,Unknown,Unknown,Unknown,Unknown,seatbelt
N2V9X9XKWAZF.jpg,Unknown,Unknown,Unknown,Unknown,Unknown,seatbelt
4ZMAHRU65IZO.jpg,Unknown,Unknown,Unknown,Unknown,Unknown,seatbelt
LH0BY2R123FS.jpg,Unknown,Unknown,Unknown,Unknown,Unknown,seatbelt
PYBPU8C947R0.jpg,Unknown,Unknown,Unknown,Unknown,Unknown,seatbelt
Y5AGS5MY0C00.jpg,Unknown,Unknown,Unknown,Unknown,Unknown,seatbelt
GR35YOPYT1DS.jpg,Unknown,Unknown,Unknown,Unknown,Unknown,seatbelt
XXBK7RV2IWT8.jpg,Unknown,Unknown,Unknown,Unknown,Unknown,seatbelt
AN7T4LVBYDK8.jpg,Unknown,Unknown,Unknown,Unknown,Unknown,seatbelt
EK2MVKNC076X.jpg,Unknown,Unknown,Unknown,Unknown,Unknown,seatbelt
C8KCYWOTO7FR.jpg,Unknown,Unknown,Unknown,Unknown,Unknown,seatbelt
XC2DIJHQ6MN2.jpg,Unknown,Unknown,Unknown,Unknown,Unknown,seatbelt
JELIAKUZ8VHI.jpg,Unknown,Unknown,Unknown,Unknown,Unknown,seatbelt
GDB89R0REO0S.jpg,Unknown,Unknown,Unknown,Unknown,Unknown,seatbelt
1X1ABW52VRFC.jpg,Unknown,Unknown,Unknown,Unknown,Unknown,seatbelt
5TQVW0EO0P5H.jpg,Unknown,Unknown,Unknown,Unknown,Unknown,seatbelt
HY29MMBNB74B.jpg,Unknown,Unknown,Unknown,Unknown,Unknown,seatbelt
LWKRDP4EL95F.jpg,Unknown,Unknown,Unknown,Unknown,Unknown,seatbelt
H6HOPV1UZ8MP.jpg,Unknown,Unknown,Unknown,Unknown,Unknown,seatbelt
G40CEFQS8J5T.jpg,Unknown,Unknown,Unknown,Unknown,Unknown,seatbelt
5S7X1AP3S6SP.jpg,Unknown,Unknown,Unknown,Unknown,Unknown,seatbelt
1O278Q8KIF19.jpg,Unknown,Unknown,Unknown,Unknown,Unknown,seatbelt
Q77KS5IWBC3B.jpg,Unknown,Unknown,Unknown,Unknown,Unknown,seatbelt
FAB1XAPXUR4G.jpg,Unknown,Unknown,Unknown,Unknown,Unknown,seatbelt
ES4LR623KRUX.jpg,Unknown,Unknown,Unknown,Unknown,Unknown,seatbelt
KC61UZ2BZFJJ.jpg,Unknown,Unknown,Unknown,Unknown,Unknown,seatbelt
6X7JX05TS36U.jpg,Unknown,Unknown,Unknown,Unknown,Unknown,seatbelt
J8Q3N0QLIW0K.jpg,Unknown,Unknown,Unknown,Unknown,Unknown,seatbelt
D8SZ4YQDUMT8.jpg,Unknown,Unknown,Unknown,Unknown,Unknown,seatbelt
IGE2G3RHPEI7.jpg,Unknown,Unknown,Unknown,Unknown,Unknown,seatbelt
XRGM3ZP8ZU4Y.jpg,Unknown,Unknown,Unknown,Unknown,Unknown,seatbelt
995XXQZ3GW1W.jpg,Unknown,Unknown,Unknown,Unknown,Unknown,seatbelt
UT53DP2M8OKH.jpg,Unknown,Unknown,Unknown,Unknown,Unknown,seatbelt
LK0JY2NYG6K9.jpg,Unknown,Unknown,Unknown,Unknown,Unknown,seatbelt
9D8UMHK4I3GE.jpg,Unknown,Unknown,Unknown,Unknown,Unknown,seatbelt
SHF6PX8YUQCJ.jpg,Unknown,Unknown,Unknown,Unknown,Unknown,seatbelt
FIUJXOL2YLH4.jpg,Unknown,Unknown,Unknown,Unknown,Unknown,seatbelt
MRA0SEABLCWU.jpg,Unknown,Unknown,Unknown,Unknown,Unknown,seatbelt
JFMS66R77X9E.jpg,Unknown,Unknown,Unknown,Unknown,Unknown,seatbelt
C1MING1QNESA.jpg,Unknown,Unknown,Unknown,Unknown,Unknown,seatbelt
YYNO85W6VDKQ.jpg,Unknown,Unknown,Unknown,Unknown,Unknown,seatbelt
TQY6KYZ2ZTEF.jpg,Unknown,Unknown,Unknown,Unknown,Unknown,seatbelt
OUPB0GDWD8ND.jpg,Unknown,Unknown,Unknown,Unknown,Unknown,seatbelt
SRTE5TOM9UQF.jpg,Unknown,Unknown,Unknown,Unknown,Unknown,seatbelt
M9HKBK4XCGWQ.jpg,Unknown,Unknown,Unknown,Unknown,Unknown,seatbelt
4PDJ4GLR4G7Q.jpg,Unknown,Unknown,Unknown,Unknown,Unknown,seatbelt
EBVBY8T2X7RV.jpg,Unknown,Unknown,Unknown,Unknown,Unknown,seatbelt
E33NTQX5YRGV.jpg,Unknown,Unknown,Unknown,Unknown,Unknown,seatbelt
EV7J60OJDTN0.jpg,Unknown,Unknown,Unknown,Unknown,Unknown,seatbelt
QGBV8GYYCLEA.jpg,Unknown,Unknown,Unknown,Unknown,Unknown,seatbelt
CEUJRWOCZM8R.jpg,Unknown,Unknown,Unknown,Unknown,Unknown,seatbelt
PDZI8NQOYV9T.jpg,Unknown,Unknown,Unknown,Unknown,Unknown,seatbelt
FYEKTELWETD8.jpg,Unknown,Unknown,Unknown,Unknown,Unknown,seatbelt
VRHMERU8YMN2.jpg,Unknown,Unknown,Unknown,Unknown,Unknown,seatbelt
VMQSM633CKN9.jpg,Unknown,Unknown,Unknown,Unknown,Unknown,seatbelt
AC3NIOPARPR6.jpg,Unknown,Unknown,Unknown,Unknown,Unknown,seatbelt
O8PIYPRLU25H.jpg,Unknown,Unknown,Unknown,Unknown,Unknown,seatbelt
E06IOTMA6KVV.jpg,Unknown,Unknown,Unknown,Unknown,Unknown,seatbelt
A7M5579IILT1.jpg,Unknown,Unknown,Unknown,Unknown,Unknown,seatbelt
OKLA8880KV07.jpg,Unknown,Unknown,Unknown,Unknown,Unknown,seatbelt
EE8Q2SZAH7A7.jpg,Unknown,Unknown,Unknown,Unknown,Unknown,seatbelt
XSSHYDFWNZN6.jpg,Unknown,Unknown,Unknown,Unknown,Unknown,seatbelt
GNJ8F5ASHBNT.jpg,Unknown,Unknown,Unknown,Unknown,Unknown,seatbelt
BPOEFZIXEWQF.jpg,Unknown,Unknown,Unknown,Unknown,Unknown,seatbelt
LAIQEZWQ1IQG.jpg,Unknown,Unknown,Unknown,Unknown,Unknown,seatbelt
5HSAL98RQJV3.jpg,Unknown,Unknown,Unknown,Unknown,Unknown,seatbelt
YRL6XH8MPY38.jpg,Unknown,Unknown,Unknown,Unknown,Unknown,seatbelt
NL6VY6Y2RPYX.jpg,Unknown,Unknown,Unknown,Unknown,Unknown,seatbelt
JVRXNUM545HR.jpg,Unknown,Unknown,Unknown,Unknown,Unknown,seatbelt
TPAGQOXNY0H1.jpg,Unknown,Unknown,Unknown,Unknown,Unknown,seatbelt
Z9KFT9AJBV4J.jpg,Unknown,Unknown,Unknown,Unknown,Unknown,seatbelt
ICLMZ3WYUPP8.jpg,Unknown,Unknown,Unknown,Unknown,Unknown,seatbelt
VQ9K3NGNM44H.jpg,Unknown,Unknown,Unknown,Unknown,Unknown,seatbelt
64CSG5MK5BNJ.jpg,Unknown,Unknown,Unknown,Unknown,Unknown,seatbelt
IOO6K11DRKEP.jpg,Unknown,Unknown,Unknown,Unknown,Unknown,seatbelt
VX71XU5XBN35.jpg,Unknown,Unknown,Unknown,Unknown,Unknown,seatbelt
AD75OK5HW3DA.jpg,Unknown,Unknown,Unknown,Unknown,Unknown,seatbelt
DO1QLI55EY4J.jpg,Unknown,Unknown,Unknown,Unknown,Unknown,seatbelt
RJSI1WYQH45B.jpg,Unknown,Unknown,Unknown,Unknown,Unknown,seatbelt
S1G7IFB9MEJS.jpg,Unknown,Unknown,Unknown,Unknown,Unknown,seatbelt
FYCQAFQTTCUX.jpg,Unknown,Unknown,Unknown,Unknown,Unknown,seatbelt
9DF42W2715E2.jpg,Unknown,Unknown,Unknown,Unknown,Unknown,seatbelt
V1U0OBW5OUE6.jpg,Unknown,Unknown,Unknown,Unknown,Unknown,seatbelt
TQ40511KPLBT.jpg,Unknown,Unknown,Unknown,Unknown,Unknown,seatbelt
MOMBY1N6TR16.jpg,Unknown,Unknown,Unknown,Unknown,Unknown,seatbelt
S5H1JS4SCO13.jpg,Unknown,Unknown,Unknown,Unknown,Unknown,seatbelt
WE6Y1U8SF5ZF.jpg,Unknown,Unknown,Unknown,Unknown,Unknown,seatbelt
XCQ2N61AP103.jpg,Unknown,Unknown,Unknown,Unknown,Unknown,seatbelt
WXMZI2C89945.jpg,Unknown,Unknown,Unknown,Unknown,Unknown,seatbelt
XHHFLG0K4MFM.jpg,Unknown,Unknown,Unknown,Unknown,Unknown,seatbelt
5HZ7ZDWE6NBF.jpg,Unknown,Unknown,Unknown,Unknown,Unknown,seatbelt
XO0DJNLZ3IYJ.jpg,Unknown,Unknown,Unknown,Unknown,Unknown,seatbelt
2GMN1A68SSFQ.jpg,Unknown,Unknown,Unknown,Unknown,Unknown,seatbelt
2QEZBAIR5LMV.jpg,Unknown,Unknown,Unknown,Unknown,Unknown,seatbelt
LYV78GMWB9RB.jpg,Unknown,Unknown,Unknown,Unknown,Unknown,seatbelt
C7T8QQMUAQM4.jpg,Unknown,Unknown,Unknown,Unknown,Unknown,seatbelt
VA1FBO93E614.jpg,Unknown,Unknown,Unknown,Unknown,Unknown,seatbelt
49Y9IVCJV6GY.jpg,Unknown,Unknown,Unknown,Unknown,Unknown,seatbelt
TP6NC9EAZU9X.jpg,Unknown,Unknown,Unknown,Unknown,Unknown,seatbelt
7SE9MUL4EVXD.jpg,Unknown,Unknown,Unknown,Unknown,Unknown,seatbelt
3VFV1U9L1FVQ.jpg,Unknown,Unknown,Unknown,Unknown,Unknown,seatbelt
2AJHGQDASN4K.jpg,Unknown,Unknown,Unknown,Unknown,Unknown,seatbelt
6R2V7LWSV3O8.jpg,Unknown,Unknown,Unknown,Unknown,Unknown,seatbelt
XPYBIL9J1UWU.jpg,Unknown,Unknown,Unknown,Unknown,Unknown,seatbelt
SQZFEM24EN6Y.jpg,Unknown,Unknown,Unknown,Unknown,Unknown,seatbelt
3W2JBOWFTQ6W.jpg,Unknown,Unknown,Unknown,Unknown,Unknown,seatbelt
QFE2WJ2MNONG.jpg,Unknown,Unknown,Unknown,Unknown,Unknown,seatbelt
2WCMMM38DHSI.jpg,Unknown,Unknown,Unknown,Unknown,Unknown,seatbelt
1IB5QCF7K9UU.jpg,Unknown,Unknown,Unknown,Unknown,Unknown,seatbelt
S4H06G218R42.jpg,Unknown,Unknown,Unknown,Unknown,Unknown,seatbelt
MLDA1SQHTHN0.jpg,Unknown,Unknown,Unknown,Unknown,Unknown,seatbelt
76FWWA9F78J1.jpg,Unknown,Unknown,Unknown,Unknown,Unknown,seatbelt
KYBZHZ3WKPP1.jpg,Unknown,Unknown,Unknown,Unknown,Unknown,seatbelt
WXMDD8HEX52Y.jpg,Unknown,Unknown,Unknown,Unknown,Unknown,seatbelt
5KWTF2Z9DLDM.jpg,Unknown,Unknown,Unknown,Unknown,Unknown,seatbelt
VMJ7L29MUITU.jpg,Unknown,Unknown,Unknown,Unknown,Unknown,seatbelt
FVKPVJ4OJJZN.jpg,Unknown,Unknown,Unknown,Unknown,Unknown,seatbelt
83KDGVGK742R.jpg,Unknown,Unknown,Unknown,Unknown,Unknown,seatbelt
CRFQGKQKI05B.jpg,Unknown,Unknown,Unknown,Unknown,Unknown,seatbelt
8NIPYX4IHG7O.jpg,Unknown,Unknown,Unknown,Unknown,Unknown,seatbelt
ZT5IKF32WYBX.jpg,Unknown,Unknown,Unknown,Unknown,Unknown,seatbelt
52CCAN31LNUB.jpg,Unknown,Unknown,Unknown,Unknown,Unknown,seatbelt
26XW48FXFF35.jpg,Unknown,Unknown,Unknown,Unknown,Unknown,seatbelt
RRLASY9LFLYY.jpg,Unknown,Unknown,Unknown,Unknown,Unknown,seatbelt
90314IWU9U2U.jpg,Unknown,Unknown,Unknown,Unknown,Unknown,seatbelt
R4D3POBEDA6Y.jpg,Unknown,Unknown,Unknown,Unknown,Unknown,seatbelt
SC30U13RXQQC.jpg,Unknown,Unknown,Unknown,Unknown,Unknown,seatbelt
IBFVKGASAD4X.jpg,Unknown,Unknown,Unknown,Unknown,Unknown,seatbelt
4R9VTU7HJLR4.jpg,Unknown,Unknown,Unknown,Unknown,Unknown,seatbelt
X61B72YEKMTU.jpg,Unknown,Unknown,Unknown,Unknown,Unknown,seatbelt
XIU6VBOEFX9R.jpg,Unknown,Unknown,Unknown,Unknown,Unknown,seatbelt
7O0RQ38R5BZZ.jpg,Unknown,Unknown,Unknown,Unknown,Unknown,seatbelt
1DG91KDCF2SW.jpg,Unknown,Unknown,Unknown,Unknown,Unknown,seatbelt
NYXKT5BU5EZK.jpg,Unknown,Unknown,Unknown,Unknown,Unknown,seatbelt
555COVRJY3EO.jpg,Unknown,Unknown,Unknown,Unknown,Unknown,seatbelt
LC5FP4SPD5ES.jpg,Unknown,Unknown,Unknown,Unknown,Unknown,seatbelt
Q3BJ8LKW7RTP.jpg,Unknown,Unknown,Unknown,Unknown,Unknown,seatbelt
78B72PP8CMV9.jpg,Unknown,Unknown,Unknown,Unknown,Unknown,seatbelt
87490G1WPM56.jpg,Unknown,Unknown,Unknown,Unknown,Unknown,seatbelt
TQX2BZLB2XHP.jpg,Unknown,Unknown,Unknown,Unknown,Unknown,seatbelt
39C2E3LW151L.jpg,Unknown,Unknown,Unknown,Unknown,Unknown,seatbelt
LPYK9PNHYYY6.jpg,Unknown,Unknown,Unknown,Unknown,Unknown,seatbelt
XCBKBS4FI9QV.jpg,Unknown,Unknown,Unknown,Unknown,Unknown,seatbelt
4GZHYY2H9IYA.jpg,Unknown,Unknown,Unknown,Unknown,Unknown,seatbelt
YKEWG97SEOQB.jpg,Unknown,Unknown,Unknown,Unknown,Unknown,seatbelt
WRENYJ8Y8LAE.jpg,Unknown,Unknown,Unknown,Unknown,Unknown,seatbelt
7D4KWXUZOVHC.jpg,Unknown,Unknown,Unknown,Unknown,Unknown,seatbelt
OUYZJRDJX1E3.jpg,Unknown,Unknown,Unknown,Unknown,Unknown,seatbelt
QDEEH0T3AZ0N.jpg,Unknown,Unknown,Unknown,Unknown,Unknown,seatbelt
6RWIJLK5S2Q7.jpg,Unknown,Unknown,Unknown,Unknown,Unknown,seatbelt
O9RFS2GJMM3G.jpg,Unknown,Unknown,Unknown,Unknown,Unknown,seatbelt
YT7DB5R5OTWY.jpg,Unknown,Unknown,Unknown,Unknown,Unknown,seatbelt
5GR07K86Q4DO.jpg,Unknown,Unknown,Unknown,Unknown,Unknown,seatbelt
ERCEGJM9C5NB.jpg,Unknown,Unknown,Unknown,Unknown,Unknown,seatbelt
UG6ZTM1KB93N.jpg,Unknown,Unknown,Unknown,Unknown,Unknown,seatbelt
L8293DOVVVY3.jpg,Unknown,Unknown,Unknown,Unknown,Unknown,seatbelt
AQSEU71E1CKZ.jpg,Unknown,Unknown,Unknown,Unknown,Unknown,seatbelt
T37T9KAPQQSG.jpg,Unknown,Unknown,Unknown,Unknown,Unknown,seatbelt
G61NZZMAAPCW.jpg,Unknown,Unknown,Unknown,Unknown,Unknown,seatbelt
TIYS4U6KTNOR.jpg,Unknown,Unknown,Unknown,Unknown,Unknown,seatbelt
UJO3D3JJ89LT.jpg,Unknown,Unknown,Unknown,Unknown,Unknown,seatbelt
N005ZWFG3UHL.jpg,Unknown,Unknown,Unknown,Unknown,Unknown,seatbelt
23TY9L92B0YX.jpg,Unknown,Unknown,Unknown,Unknown,Unknown,seatbelt
RPQTSS0DUT0E.jpg,Unknown,Unknown,Unknown,Unknown,Unknown,seatbelt
1SKPRO31POW7.jpg,Unknown,Unknown,Unknown,Unknown,Unknown,seatbelt
24JYHZAW2GZ9.jpg,Unknown,Unknown,Unknown,Unknown,Unknown,seatbelt
FRV7USDBTE2R.jpg,Unknown,Unknown,Unknown,Unknown,Unknown,seatbelt
E6Q6RLQCN5G7.jpg,Unknown,Unknown,Unknown,Unknown,Unknown,seatbelt
4SY291NNJUKH.jpg,Unknown,Unknown,Unknown,Unknown,Unknown,seatbelt
939QSUEO3X8C.jpg,Unknown,Unknown,Unknown,Unknown,Unknown,seatbelt
7P47VFT3OBWK.jpg,Unknown,Unknown,Unknown,Unknown,Unknown,seatbelt
NPYAYBS5RD4M.jpg,Unknown,Unknown,Unknown,Unknown,Unknown,seatbelt
LE1EE8A6M2GL.jpg,Unknown,Unknown,Unknown,Unknown,Unknown,seatbelt
CU59LM3MXP5J.jpg,Unknown,Unknown,Unknown,Unknown,Unknown,seatbelt
XSF77MENMDDX.jpg,Unknown,Unknown,Unknown,Unknown,Unknown,seatbelt
FN2WKKBWO2CZ.jpg,Unknown,Unknown,Unknown,Unknown,Unknown,seatbelt
3294ALSUWA6Z.jpg,Unknown,Unknown,Unknown,Unknown,Unknown,seatbelt
3YGT9JO730WC.jpg,Unknown,Unknown,Unknown,Unknown,Unknown,seatbelt
A68J20DDPUAO.jpg,Unknown,Unknown,Unknown,Unknown,Unknown,seatbelt
6YIMXCM6PAIX.jpg,Unknown,Unknown,Unknown,Unknown,Unknown,seatbelt
2AFU873DI7UF.jpg,Unknown,Unknown,Unknown,Unknown,Unknown,seatbelt
9LE5H94X2GU7.jpg,Unknown,Unknown,Unknown,Unknown,Unknown,seatbelt
F27E9PW0ARL4.jpg,Unknown,Unknown,Unknown,Unknown,Unknown,seatbelt
6STPRLOCSC6J.jpg,Unknown,Unknown,Unknown,Unknown,Unknown,seatbelt
6HWHUJS0W4CU.jpg,Unknown,Unknown,Unknown,Unknown,Unknown,seatbelt
2ZAXQ6O19LYH.jpg,Unknown,Unknown,Unknown,Unknown,Unknown,seatbelt
371GH7KQGQUR.jpg,Unknown,Unknown,Unknown,Unknown,Unknown,seatbelt
4ST2P01HY0Q4.jpg,Unknown,Unknown,Unknown,Unknown,Unknown,seatbelt
PK4833D2348C.jpg,Unknown,Unknown,Unknown,Unknown,Unknown,seatbelt
9R4EELY87OWA.jpg,Unknown,Unknown,Unknown,Unknown,Unknown,seatbelt
6ZCIFSG4XB8F.jpg,Unknown,Unknown,Unknown,Unknown,Unknown,seatbelt
NYS0UHU9S8OX.jpg,Unknown,Unknown,Unknown,Unknown,Unknown,seatbelt
GOKPP0HIXQ1K.jpg,Unknown,Unknown,Unknown,Unknown,Unknown,seatbelt
9CVQA7YTMFES.jpg,Unknown,Unknown,Unknown,Unknown,Unknown,seatbelt
Y5LGKO2Y666S.jpg,Unknown,Unknown,Unknown,Unknown,Unknown,seatbelt
2UYEOQW7OQ4O.jpg,Unknown,Unknown,Unknown,Unknown,Unknown,seatbelt
K22CZJWIFPIA.jpg,Unknown,Unknown,Unknown,Unknown,Unknown,seatbelt
VQ0WL12S21XG.jpg,Unknown,Unknown,Unknown,Unknown,Unknown,seatbelt
OVVJJ4OPYHW5.jpg,Unknown,Unknown,Unknown,Unknown,Unknown,seatbelt
NSCFG9RE4DFZ.jpg,Unknown,Unknown,Unknown,Unknown,Unknown,seatbelt
M3QAF8EVP7LA.jpg,Unknown,Unknown,Unknown,Unknown,Unknown,seatbelt
FXYWE2EO20DU.jpg,Unknown,Unknown,Unknown,Unknown,Unknown,seatbelt
QXLBJ3F2AIJH.jpg,Unknown,Unknown,Unknown,Unknown,Unknown,seatbelt
55FC338O2I80.jpg,Unknown,Unknown,Unknown,Unknown,Unknown,seatbelt
PBER51G7O3G2.jpg,Unknown,Unknown,Unknown,Unknown,Unknown,seatbelt
X3BWFQ0NDMWE.jpg,Unknown,Unknown,Unknown,Unknown,Unknown,seatbelt
TSK8WGPQCZ43.jpg,Unknown,Unknown,Unknown,Unknown,Unknown,seatbelt
GBZMFHCV5S2O.jpg,Unknown,Unknown,Unknown,Unknown,Unknown,seatbelt
43A6YKG9CRXI.jpg,Unknown,Unknown,Unknown,Unknown,Unknown,seatbelt
YRYVP9J642F0.jpg,Unknown,Unknown,Unknown,Unknown,Unknown,seatbelt
0V2FSKR24LPS.jpg,Unknown,Unknown,Unknown,Unknown,Unknown,seatbelt
JP6OHBYELYND.jpg,Unknown,Unknown,Unknown,Unknown,Unknown,seatbelt
FH5FS49OR9O6.jpg,Unknown,Unknown,Unknown,Unknown,Unknown,seatbelt
IW55AE60AJBZ.jpg,Unknown,Unknown,Unknown,Unknown,Unknown,seatbelt
K4H14UTP343A.jpg,Unknown,Unknown,Unknown,Unknown,Unknown,seatbelt
84VKBBHDO3Y4.jpg,Unknown,Unknown,Unknown,Unknown,Unknown,seatbelt
ST5SAQRTDJTW.jpg,Unknown,Unknown,Unknown,Unknown,Unknown,seatbelt
1WEP7KWSPOE0.jpg,Unknown,Unknown,Unknown,Unknown,Unknown,seatbelt
JE4N1SJHC0FY.jpg,Unknown,Unknown,Unknown,Unknown,Unknown,seatbelt
47H73VC70G3A.jpg,Unknown,Unknown,Unknown,Unknown,Unknown,seatbelt
OR8HVW61P5LD.jpg,Unknown,Unknown,Unknown,Unknown,Unknown,seatbelt
KVAKO8ILWP82.jpg,Unknown,Unknown,Unknown,Unknown,Unknown,seatbelt
0RJ7N50NRU7V.jpg,Unknown,Unknown,Unknown,Unknown,Unknown,seatbelt
8NLVA1265F3V.jpg,Unknown,Unknown,Unknown,Unknown,Unknown,seatbelt
LHX2O42UP3Y8.jpg,Unknown,Unknown,Unknown,Unknown,Unknown,seatbelt
V1PLWQGTHDLB.jpg,Unknown,Unknown,Unknown,Unknown,Unknown,seatbelt
8XOUUPCF43A6.jpg,Unknown,Unknown,Unknown,Unknown,Unknown,seatbelt
4A6UUY28Y75U.jpg,Unknown,Unknown,Unknown,Unknown,Unknown,seatbelt
4PQORLJ9IBPV.jpg,Unknown,Unknown,Unknown,Unknown,Unknown,seatbelt
BUJORPQW16Z7.jpg,Unknown,Unknown,Unknown,Unknown,Unknown,seatbelt
B71GL6WASYYX.jpg,Unknown,Unknown,Unknown,Unknown,Unknown,seatbelt
X7FPNA5JL8JQ.jpg,Unknown,Unknown,Unknown,Unknown,Unknown,seatbelt
2Q2I76JAKO50.jpg,Unknown,Unknown,Unknown,Unknown,Unknown,seatbelt
PWZ3V88EITIS.jpg,Unknown,Unknown,Unknown,Unknown,Unknown,seatbelt
GIWUNTPUTUBM.jpg,Unknown,Unknown,Unknown,Unknown,Unknown,seatbelt
AJK5SQ19JCEW.jpg,Unknown,Unknown,Unknown,Unknown,Unknown,seatbelt
3RNLB92FEC0Y.jpg,Unknown,Unknown,Unknown,Unknown,Unknown,seatbelt
XA5RXG4P195M.jpg,Unknown,Unknown,Unknown,Unknown,Unknown,seatbelt
2PWVXVXPTHNN.jpg,Unknown,Unknown,Unknown,Unknown,Unknown,seatbelt
5L8IRIV2VKHS.jpg,Unknown,Unknown,Unknown,Unknown,Unknown,seatbelt
MOSUA2905SL3.jpg,Unknown,Unknown,Unknown,Unknown,Unknown,seatbelt
DGU8505YWVHY.jpg,Unknown,Unknown,Unknown,Unknown,Unknown,seatbelt
1PF0QAK21IB4.jpg,Unknown,Unknown,Unknown,Unknown,Unknown,seatbelt
UV6ZNJT14AH9.jpg,Unknown,Unknown,Unknown,Unknown,Unknown,seatbelt
Z4TC2KQ02TKA.jpg,Unknown,Unknown,Unknown,Unknown,Unknown,seatbelt
UKRIJ5HLY4C0.jpg,Unknown,Unknown,Unknown,Unknown,Unknown,seatbelt
T4WSAQA83KGK.jpg,Unknown,Unknown,Unknown,Unknown,Unknown,seatbelt
74DSO9UW9020.jpg,Unknown,Unknown,Unknown,Unknown,Unknown,seatbelt
UEIGUE111IZJ.jpg,Unknown,Unknown,Unknown,Unknown,Unknown,seatbelt
ZY7LOJYI95G6.jpg,Unknown,Unknown,Unknown,Unknown,Unknown,seatbelt
V3HGRNU6SMSL.jpg,Unknown,Unknown,Unknown,Unknown,Unknown,seatbelt
KTOFL2YTXQ3A.jpg,Unknown,Unknown,Unknown,Unknown,Unknown,seatbelt
L70P6MZYXRQS.jpg,Unknown,Unknown,Unknown,Unknown,Unknown,seatbelt
WDHUKUWSUJMI.jpg,Unknown,Unknown,Unknown,Unknown,Unknown,seatbelt
O3I49CZRUW3J.jpg,Unknown,Unknown,Unknown,Unknown,Unknown,seatbelt
GFBIM8GX00ET.jpg,Unknown,Unknown,Unknown,Unknown,Unknown,seatbelt
K04XM1XT6OM0.jpg,Unknown,Unknown,Unknown,Unknown,Unknown,seatbelt
XNE8MC9DOKKU.jpg,Unknown,Unknown,Unknown,Unknown,Unknown,seatbelt
2VL0QUD36E35.jpg,Unknown,Unknown,Unknown,Unknown,Unknown,seatbelt
IK7AM2MZ7RFN.jpg,Unknown,Unknown,Unknown,Unknown,Unknown,seatbelt
2HKLAEPUO3FA.jpg,Unknown,Unknown,Unknown,Unknown,Unknown,seatbelt
RZB40HKU2U0K.jpg,Unknown,Unknown,Unknown,Unknown,Unknown,seatbelt
O0SB89UEPBP4.jpg,Unknown,Unknown,Unknown,Unknown,Unknown,seatbelt
FFSXELKG8SBM.jpg,Unknown,Unknown,Unknown,Unknown,Unknown,seatbelt
T8IA4H6DA6SN.jpg,Unknown,Unknown,Unknown,Unknown,Unknown,seatbelt
ZDIDQO81ZHWN.jpg,Unknown,Unknown,Unknown,Unknown,Unknown,seatbelt
3VWNPZUNRIK6.jpg,Unknown,Unknown,Unknown,Unknown,Unknown,seatbelt
M250D0DGMEHU.jpg,Unknown,Unknown,Unknown,Unknown,Unknown,seatbelt
OA7K8SKTL4V5.jpg,Unknown,Unknown,Unknown,Unknown,Unknown,seatbelt
6F5184ZTGTMX.jpg,Unknown,Unknown,Unknown,Unknown,Unknown,seatbelt
LDRCJWG1AXOZ.jpg,Unknown,Unknown,Unknown,Unknown,Unknown,seatbelt
T0A4OM499LMK.jpg,Unknown,Unknown,Unknown,Unknown,Unknown,seatbelt
G3YIN89TMM1I.jpg,Unknown,Unknown,Unknown,Unknown,Unknown,seatbelt
9RZ2AUSPFVIN.jpg,Unknown,Unknown,Unknown,Unknown,Unknown,seatbelt
DJ0WK6U5MJYI.jpg,Unknown,Unknown,Unknown,Unknown,Unknown,seatbelt
50AK88KDLN0R.jpg,Unknown,Unknown,Unknown,Unknown,Unknown,seatbelt
93CDC6DMRIVU.jpg,Unknown,Unknown,Unknown,Unknown,Unknown,seatbelt
CD292IURQ05V.jpg,Unknown,Unknown,Unknown,Unknown,Unknown,seatbelt
20P716SL5J2T.jpg,Unknown,Unknown,Unknown,Unknown,Unknown,seatbelt
LG6UN900EDQD.jpg,Unknown,Unknown,Unknown,Unknown,Unknown,seatbelt
W7HOXWSU5TI6.jpg,Unknown,Unknown,Unknown,Unknown,Unknown,seatbelt
IVLNFU0J4PB8.jpg,Unknown,Unknown,Unknown,Unknown,Unknown,seatbelt
DG0R8MKPCUYU.jpg,Unknown,Unknown,Unknown,Unknown,Unknown,seatbelt
D2TRW3ST9TTS.jpg,Unknown,Unknown,Unknown,Unknown,Unknown,seatbelt
G8T2JM2JV7HT.jpg,Unknown,Unknown,Unknown,Unknown,Unknown,seatbelt
2692Z55APSFD.jpg,Unknown,Unknown,Unknown,Unknown,Unknown,seatbelt
9E00GEHN3E65.jpg,Unknown,Unknown,Unknown,Unknown,Unknown,seatbelt
22HQEJX9EVWI.jpg,Unknown,Unknown,Unknown,Unknown,Unknown,seatbelt
ODXJZ4PJJYSX.jpg,Unknown,Unknown,Unknown,Unknown,Unknown,seatbelt
O3O2QMTMIZJ4.jpg,Unknown,Unknown,Unknown,Unknown,Unknown,seatbelt
1BJMWU0IWRSR.jpg,Unknown,Unknown,Unknown,Unknown,Unknown,seatbelt
5WXL7TSJUFXE.jpg,Unknown,Unknown,Unknown,Unknown,Unknown,seatbelt
PTMTAE8SIFEZ.jpg,Unknown,Unknown,Unknown,Unknown,Unknown,seatbelt
PE78BQ92AO69.jpg,Unknown,Unknown,Unknown,Unknown,Unknown,seatbelt
SO1OVA545Z1V.jpg,Unknown,Unknown,Unknown,Unknown,Unknown,seatbelt
2CSGDXXDJ1VB.jpg,Unknown,Unknown,Unknown,Unknown,Unknown,seatbelt
15QM42FMXC9U.jpg,Unknown,Unknown,Unknown,Unknown,Unknown,seatbelt
1AMZJS91451M.jpg,Unknown,Unknown,Unknown,Unknown,Unknown,seatbelt
J96JU75ILVKP.jpg,Unknown,Unknown,Unknown,Unknown,Unknown,seatbelt
0ZMZEJGO9VH2.jpg,Unknown,Unknown,Unknown,Unknown,Unknown,seatbelt
6I9E24LFSIUD.jpg,Unknown,Unknown,Unknown,Unknown,Unknown,seatbelt
5ST47R60IJWT.jpg,Unknown,Unknown,Unknown,Unknown,Unknown,seatbelt
41G45O9M46R7.jpg,Unknown,Unknown,Unknown,Unknown,Unknown,seatbelt
M3DNBZDMVHIE.jpg,Unknown,Unknown,Unknown,Unknown,Unknown,seatbelt
9JG8R0A1XGYT.jpg,Unknown,Unknown,Unknown,Unknown,Unknown,seatbelt
YYDPEV729ZXZ.jpg,Unknown,Unknown,Unknown,Unknown,Unknown,seatbelt
W2GYMAWQ94WO.jpg,Unknown,Unknown,Unknown,Unknown,Unknown,seatbelt
J91FVXWWGXPV.jpg,Unknown,Unknown,Unknown,Unknown,Unknown,seatbelt
32X1FESD0JJC.jpg,Unknown,Unknown,Unknown,Unknown,Unknown,seatbelt
MDCKDXWG71GT.jpg,Unknown,Unknown,Unknown,Unknown,Unknown,seatbelt
KHTRAK7KZ2EM.jpg,Unknown,Unknown,Unknown,Unknown,Unknown,seatbelt
2USX4UC7QTDQ.jpg,Unknown,Unknown,Unknown,Unknown,Unknown,seatbelt
ZK7ARU2093YP.jpg,Unknown,Unknown,Unknown,Unknown,Unknown,seatbelt
NHN34PBOZQBM.jpg,Unknown,Unknown,Unknown,Unknown,Unknown,seatbelt
WEU8RI10YRJ9.jpg,Unknown,Unknown,Unknown,Unknown,Unknown,seatbelt
QOIDVGBNP22V.jpg,Unknown,Unknown,Unknown,Unknown,Unknown,seatbelt
9YVZB99FQ6UW.jpg,Unknown,Unknown,Unknown,Unknown,Unknown,seatbelt
CJBS4A9TN98R.jpg,Unknown,Unknown,Unknown,Unknown,Unknown,seatbelt
05863D2W6XY0.jpg,Unknown,Unknown,Unknown,Unknown,Unknown,seatbelt
7OYCHUHJ5Z4Z.jpg,Unknown,Unknown,Unknown,Unknown,Unknown,seatbelt
XS1FEIIS1OCP.jpg,Unknown,Unknown,Unknown,Unknown,Unknown,seatbelt
KDUPAY1MU4F0.jpg,Unknown,Unknown,Unknown,Unknown,Unknown,seatbelt
59B7K791Q4UW.jpg,Unknown,Unknown,Unknown,Unknown,Unknown,seatbelt
KZ0SBCB8APLN.jpg,Unknown,Unknown,Unknown,Unknown,Unknown,seatbelt
9L0O0OTR2ZKB.jpg,Unknown,Unknown,Unknown,Unknown,Unknown,seatbelt
QAE753QOIC8T.jpg,Unknown,Unknown,Unknown,Unknown,Unknown,seatbelt
2DE3R982GAR8.jpg,Unknown,Unknown,Unknown,Unknown,Unknown,seatbelt
QTVQ7N8SMLMP.jpg,Unknown,Unknown,Unknown,Unknown,Unknown,seatbelt
9I84NSMDWFA9.jpg,Unknown,Unknown,Unknown,Unknown,Unknown,seatbelt
UVEIO9VKYG75.jpg,Unknown,Unknown,Unknown,Unknown,Unknown,seatbelt
726BJQJR56KV.jpg,Unknown,Unknown,Unknown,Unknown,Unknown,seatbelt
LPIPZTZTYD1O.jpg,Unknown,Unknown,Unknown,Unknown,Unknown,seatbelt
1J243G3N5FWJ.jpg,Unknown,Unknown,Unknown,Unknown,Unknown,seatbelt
XVES6ZBL4O2I.jpg,Unknown,Unknown,Unknown,Unknown,Unknown,seatbelt
KCEWDSFA5WV7.jpg,Unknown,Unknown,Unknown,Unknown,Unknown,seatbelt
JSOYGETBICMG.jpg,Unknown,Unknown,Unknown,Unknown,Unknown,seatbelt
E0E0HLXHSLU9.jpg,Unknown,Unknown,Unknown,Unknown,Unknown,seatbelt
WRBUJSYCYJSB.jpg,Unknown,Unknown,Unknown,Unknown,Unknown,seatbelt
0XU7444OVH42.jpg,Unknown,Unknown,Unknown,Unknown,Unknown,seatbelt
72VXG5BG25LJ.jpg,Unknown,Unknown,Unknown,Unknown,Unknown,seatbelt
93LY12753IQN.jpg,Unknown,Unknown,Unknown,Unknown,Unknown,seatbelt
RBGND2AD2QF9.jpg,Unknown,Unknown,Unknown,Unknown,Unknown,seatbelt
PCOZB4EDN0MW.jpg,Unknown,Unknown,Unknown,Unknown,Unknown,seatbelt
HSLKS7WKXG3G.jpg,Unknown,Unknown,Unknown,Unknown,Unknown,seatbelt
7B2HCTU8UKCI.jpg,Unknown,Unknown,Unknown,Unknown,Unknown,seatbelt
KLNZTOXIC6LX.jpg,Unknown,Unknown,Unknown,Unknown,Unknown,seatbelt
KF98OSUC6VSH.jpg,Unknown,Unknown,Unknown,Unknown,Unknown,seatbelt
K0IKYM67MV9I.jpg,Unknown,Unknown,Unknown,Unknown,Unknown,seatbelt
1YJOUSJAQQK3.jpg,Unknown,Unknown,Unknown,Unknown,Unknown,seatbelt
WV6H7EZG37N0.jpg,Unknown,Unknown,Unknown,Unknown,Unknown,seatbelt
X43OD87DLQVV.jpg,Unknown,Unknown,Unknown,Unknown,Unknown,seatbelt
0JKDD2SD5Y8J.jpg,Unknown,Unknown,Unknown,Unknown,Unknown,seatbelt
LE4YH774872Q.jpg,Unknown,Unknown,Unknown,Unknown,Unknown,seatbelt
55TT5WVHC7HX.jpg,Unknown,Unknown,Unknown,Unknown,Unknown,seatbelt
EFP1DBHR0FN6.jpg,Unknown,Unknown,Unknown,Unknown,Unknown,seatbelt
W354TL44KENG.jpg,Unknown,Unknown,Unknown,Unknown,Unknown,seatbelt
XA6Y6H3H72JI.jpg,Unknown,Unknown,Unknown,Unknown,Unknown,seatbelt
SD7L5Y16BJUJ.jpg,Unknown,Unknown,Unknown,Unknown,Unknown,seatbelt
6N8B8WCBCECY.jpg,Unknown,Unknown,Unknown,Unknown,Unknown,seatbelt
4IT7AOJ8GFD4.jpg,Unknown,Unknown,Unknown,Unknown,Unknown,seatbelt
EIDPIFEC3NGS.jpg,Unknown,Unknown,Unknown,Unknown,Unknown,seatbelt
69UCA242D90N.jpg,Unknown,Unknown,Unknown,Unknown,Unknown,seatbelt
ADQQ6GDYTA6Q.jpg,Unknown,Unknown,Unknown,Unknown,Unknown,seatbelt
MPM43ERUC4QS.jpg,Unknown,Unknown,Unknown,Unknown,Unknown,seatbelt
LLMYH4I8IWLI.jpg,Unknown,Unknown,Unknown,Unknown,Unknown,seatbelt
V7OPAGZCTQLN.jpg,Unknown,Unknown,Unknown,Unknown,Unknown,seatbelt
MC5AIMJJAIKQ.jpg,Unknown,Unknown,Unknown,Unknown,Unknown,seatbelt
FYOO1W0K3N2Q.jpg,Unknown,Unknown,Unknown,Unknown,Unknown,seatbelt
FD48CUPTA62K.jpg,Unknown,Unknown,Unknown,Unknown,Unknown,seatbelt
YQ4Z92KT3SJ8.jpg,Unknown,Unknown,Unknown,Unknown,Unknown,seatbelt
VH9D6HG13FX1.jpg,Unknown,Unknown,Unknown,Unknown,Unknown,seatbelt
SZ4530K2UXOV.jpg,Unknown,Unknown,Unknown,Unknown,Unknown,seatbelt
OVB0O6JCFMKL.jpg,Unknown,Unknown,Unknown,Unknown,Unknown,seatbelt
O89EYR36DY5M.jpg,Unknown,Unknown,Unknown,Unknown,Unknown,seatbelt
6VRQ9DC22YXB.jpg,Unknown,Unknown,Unknown,Unknown,Unknown,seatbelt
2CC6B4PZQXD4.jpg,Unknown,Unknown,Unknown,Unknown,Unknown,seatbelt
Y19WGJ01W10L.jpg,Unknown,Unknown,Unknown,Unknown,Unknown,seatbelt
IY4ML56HVM93.jpg,Unknown,Unknown,Unknown,Unknown,Unknown,seatbelt
3AN93212OKS9.jpg,Unknown,Unknown,Unknown,Unknown,Unknown,seatbelt
RI6GP1CS34Q3.jpg,Unknown,Unknown,Unknown,Unknown,Unknown,seatbelt
6J7JJ3K7VTD6.jpg,Unknown,Unknown,Unknown,Unknown,Unknown,seatbelt
DZMEELP66ERC.jpg,Unknown,Unknown,Unknown,Unknown,Unknown,seatbelt
C0A2OJ9H220Y.jpg,Unknown,Unknown,Unknown,Unknown,Unknown,seatbelt
3WSPNUUH8SOE.jpg,Unknown,Unknown,Unknown,Unknown,Unknown,seatbelt
PG44P3KFBT10.jpg,Unknown,Unknown,Unknown,Unknown,Unknown,seatbelt
DAW9X2CHNQ71.jpg,Unknown,Unknown,Unknown,Unknown,Unknown,seatbelt
WIWCALDVR0ZT.jpg,Unknown,Unknown,Unknown,Unknown,Unknown,seatbelt
Q1ZKHFQ90QNH.jpg,Unknown,Unknown,Unknown,Unknown,Unknown,seatbelt
C02FFG2SN2EE.jpg,Unknown,Unknown,Unknown,Unknown,Unknown,seatbelt
W95ZUB0UKWGY.jpg,Unknown,Unknown,Unknown,Unknown,Unknown,seatbelt
VU2Z8PWCI81J.jpg,Unknown,Unknown,Unknown,Unknown,Unknown,seatbelt
9PL7BUOXMRFK.jpg,Unknown,Unknown,Unknown,Unknown,Unknown,seatbelt
OGLB26ZOAE5R.jpg,Unknown,Unknown,Unknown,Unknown,Unknown,seatbelt
8F5C1KJ0CW2W.jpg,Unknown,Unknown,Unknown,Unknown,Unknown,seatbelt
FGURVTQSATQX.jpg,Unknown,Unknown,Unknown,Unknown,Unknown,seatbelt
P3FBPWTL45QG.jpg,Unknown,Unknown,Unknown,Unknown,Unknown,seatbelt
2KJDWKRYLB10.jpg,Unknown,Unknown,Unknown,Unknown,Unknown,seatbelt
IQ8K11RXSAOL.jpg,Unknown,Unknown,Unknown,Unknown,Unknown,seatbelt
UZIZKZX9IK57.jpg,Unknown,Unknown,Unknown,Unknown,Unknown,seatbelt
FDT4EIVZQEJZ.jpg,Unknown,Unknown,Unknown,Unknown,Unknown,seatbelt
JUQWFKZAP5LQ.jpg,Unknown,Unknown,Unknown,Unknown,Unknown,seatbelt
I182OIJTPNNW.jpg,Unknown,Unknown,Unknown,Unknown,Unknown,seatbelt
8X0SN2S0Z6WS.jpg,Unknown,Unknown,Unknown,Unknown,Unknown,seatbelt
SH4YZQ1U0TGG.jpg,Unknown,Unknown,Unknown,Unknown,Unknown,seatbelt
MDNZMQX5JWAR.jpg,Unknown,Unknown,Unknown,Unknown,Unknown,seatbelt
JWMV8SYANVEI.jpg,Unknown,Unknown,Unknown,Unknown,Unknown,seatbelt
WP14LUMCKGKK.jpg,Unknown,Unknown,Unknown,Unknown,Unknown,seatbelt
9JJQI6I3TY7X.jpg,Unknown,Unknown,Unknown,Unknown,Unknown,seatbelt
40DST12HRMTZ.jpg,Unknown,Unknown,Unknown,Unknown,Unknown,seatbelt
V2MXV7EUOGI5.jpg,Unknown,Unknown,Unknown,Unknown,Unknown,seatbelt
UW8B1Z0XPUR3.jpg,Unknown,Unknown,Unknown,Unknown,Unknown,seatbelt
8K8NFOEQ0LZU.jpg,Unknown,Unknown,Unknown,Unknown,Unknown,seatbelt
J9M1E04FCQHL.jpg,Unknown,Unknown,Unknown,Unknown,Unknown,seatbelt
B3J5FYGILV3N.jpg,Unknown,Unknown,Unknown,Unknown,Unknown,seatbelt
WZLM9TAMIFGG.jpg,Unknown,Unknown,Unknown,Unknown,Unknown,seatbelt
OIPW20C2S84U.jpg,Unknown,Unknown,Unknown,Unknown,Unknown,seatbelt
SQ9AP42YD8M6.jpg,Unknown,Unknown,Unknown,Unknown,Unknown,seatbelt
UZPAQNHQDP1I.jpg,Unknown,Unknown,Unknown,Unknown,Unknown,seatbelt
Z2E0RZOMPA7R.jpg,Unknown,Unknown,Unknown,Unknown,Unknown,seatbelt
HJFPEZ9JL1Z9.jpg,Unknown,Unknown,Unknown,Unknown,Unknown,seatbelt
GY4LRIXBRSYX.jpg,Unknown,Unknown,Unknown,Unknown,Unknown,seatbelt
KDX9QY3BDYYU.jpg,Unknown,Unknown,Unknown,Unknown,Unknown,seatbelt
SXHDXI55E2QY.jpg,Unknown,Unknown,Unknown,Unknown,Unknown,seatbelt
B3YT8BFZ0DLW.jpg,Unknown,Unknown,Unknown,Unknown,Unknown,seatbelt
KAENI8LLAN7H.jpg,Unknown,Unknown,Unknown,Unknown,Unknown,seatbelt
VTTKL4XCIVSS.jpg,Unknown,Unknown,Unknown,Unknown,Unknown,seatbelt
AMYVSTH0RDYH.jpg,Unknown,Unknown,Unknown,Unknown,Unknown,seatbelt
GH7PF7KZB598.jpg,Unknown,Unknown,Unknown,Unknown,Unknown,seatbelt
JFRRTR4ZT4M6.jpg,Unknown,Unknown,Unknown,Unknown,Unknown,seatbelt
9Z0HALWDUQ2U.jpg,Unknown,Unknown,Unknown,Unknown,Unknown,seatbelt
960ZYCPKHHV1.jpg,Unknown,Unknown,Unknown,Unknown,Unknown,seatbelt
BQK74EKV4NJI.jpg,Unknown,Unknown,Unknown,Unknown,Unknown,seatbelt
U47JZYQ86TTT.jpg,Unknown,Unknown,Unknown,Unknown,Unknown,seatbelt
4OUXWQV1AUD2.jpg,Unknown,Unknown,Unknown,Unknown,Unknown,seatbelt
86PNHO3RSLQV.jpg,Unknown,Unknown,Unknown,Unknown,Unknown,seatbelt
500LGYEF7J7D.jpg,Unknown,Unknown,Unknown,Unknown,Unknown,seatbelt
7LD083R0PDAK.jpg,Unknown,Unknown,Unknown,Unknown,Unknown,seatbelt
02DGTEKPCUTT.jpg,Unknown,Unknown,Unknown,Unknown,Unknown,seatbelt
OH8Q08DF08EX.jpg,Unknown,Unknown,Unknown,Unknown,Unknown,seatbelt
92M5TYD0FO37.jpg,Unknown,Unknown,Unknown,Unknown,Unknown,seatbelt
PBQPV8W3QJVH.jpg,Unknown,Unknown,Unknown,Unknown,Unknown,seatbelt
JT90WAURZX9P.jpg,Unknown,Unknown,Unknown,Unknown,Unknown,seatbelt
0GA47MX69BQX.jpg,Unknown,Unknown,Unknown,Unknown,Unknown,seatbelt
IVKJSZK7AC7L.jpg,Unknown,Unknown,Unknown,Unknown,Unknown,seatbelt
MD8ODK8XIY8R.jpg,Unknown,Unknown,Unknown,Unknown,Unknown,seatbelt
QI6S87IA5WJ2.jpg,Unknown,Unknown,Unknown,Unknown,Unknown,seatbelt
1AGU4P9CJJQM.jpg,Unknown,Unknown,Unknown,Unknown,Unknown,seatbelt
FNI92IH6ZGZL.jpg,Unknown,Unknown,Unknown,Unknown,Unknown,seatbelt
385JEGKP8TGT.jpg,Unknown,Unknown,Unknown,Unknown,Unknown,seatbelt
LURPCVDXLXZ8.jpg,Unknown,Unknown,Unknown,Unknown,Unknown,seatbelt
M2KQBOAPT7HA.jpg,Unknown,Unknown,Unknown,Unknown,Unknown,seatbelt
37RL4U1MR70U.jpg,Unknown,Unknown,Unknown,Unknown,Unknown,seatbelt
LTY5T8ZZY15K.jpg,Unknown,Unknown,Unknown,Unknown,Unknown,seatbelt
2EMM718OCGT6.jpg,Unknown,Unknown,Unknown,Unknown,Unknown,seatbelt
D3OHHNG0OZGX.jpg,Unknown,Unknown,Unknown,Unknown,Unknown,seatbelt
3S8S7DNQYWKJ.jpg,Unknown,Unknown,Unknown,Unknown,Unknown,seatbelt
V7SW32L5SRI4.jpg,Unknown,Unknown,Unknown,Unknown,Unknown,seatbelt
N94FFJQFZ31H.jpg,Unknown,Unknown,Unknown,Unknown,Unknown,seatbelt
WZSCQH73UBYL.jpg,Unknown,Unknown,Unknown,Unknown,Unknown,seatbelt
N64V5VE1UC5M.jpg,Unknown,Unknown,Unknown,Unknown,Unknown,seatbelt
NRQ2BLJ7EQYJ.jpg,Unknown,Unknown,Unknown,Unknown,Unknown,seatbelt
WFTO1QEZ31FY.jpg,Unknown,Unknown,Unknown,Unknown,Unknown,seatbelt
E2EOZ6OWSOYP.jpg,Unknown,Unknown,Unknown,Unknown,Unknown,seatbelt
SMMC5PSMGS23.jpg,Unknown,Unknown,Unknown,Unknown,Unknown,seatbelt
W0IT592XXFY8.jpg,Unknown,Unknown,Unknown,Unknown,Unknown,seatbelt
FHZ0USGAC7S2.jpg,Unknown,Unknown,Unknown,Unknown,Unknown,seatbelt
S1H5VCNSYK0T.jpg,Unknown,Unknown,Unknown,Unknown,Unknown,seatbelt
AM5MD5PM92DK.jpg,Unknown,Unknown,Unknown,Unknown,Unknown,seatbelt
4SUVLRUI66ZS.jpg,Unknown,Unknown,Unknown,Unknown,Unknown,seatbelt
A9OE3P9BX8RS.jpg,Unknown,Unknown,Unknown,Unknown,Unknown,seatbelt
W0RSN4S8DWPX.jpg,Unknown,Unknown,Unknown,Unknown,Unknown,seatbelt
51RE45XAF9ZG.jpg,Unknown,Unknown,Unknown,Unknown,Unknown,seatbelt
2JF6S9XTE7HM.jpg,Unknown,Unknown,Unknown,Unknown,Unknown,seatbelt
REIWOREABKGE.jpg,Unknown,Unknown,Unknown,Unknown,Unknown,seatbelt
0UBSYF45H0HH.jpg,Unknown,Unknown,Unknown,Unknown,Unknown,seatbelt
GMDI7N4R0904.jpg,Unknown,Unknown,Unknown,Unknown,Unknown,seatbelt
17R1K0RIYM93.jpg,Unknown,Unknown,Unknown,Unknown,Unknown,seatbelt
PXFC79HK6VNO.jpg,Unknown,Unknown,Unknown,Unknown,Unknown,seatbelt
I76MDJCVUCWR.jpg,Unknown,Unknown,Unknown,Unknown,Unknown,seatbelt
U7GJF6DFLADI.jpg,Unknown,Unknown,Unknown,Unknown,Unknown,seatbelt
7QIWL5IW8H97.jpg,Unknown,Unknown,Unknown,Unknown,Unknown,seatbelt
L0A7H9T9ZE9H.jpg,Unknown,Unknown,Unknown,Unknown,Unknown,seatbelt
15UQI6D877NL.jpg,Unknown,Unknown,Unknown,Unknown,Unknown,seatbelt
0U0D12W1N1UM.jpg,Unknown,Unknown,Unknown,Unknown,Unknown,seatbelt
YYLDP1631D9K.jpg,Unknown,Unknown,Unknown,Unknown,Unknown,seatbelt
TN4O9ZS7UOZ4.jpg,Unknown,Unknown,Unknown,Unknown,Unknown,seatbelt
FGDGPC5PDSG0.jpg,Unknown,Unknown,Unknown,Unknown,Unknown,seatbelt
XBHXM1YMVF5T.jpg,Unknown,Unknown,Unknown,Unknown,Unknown,seatbelt
S4H06EQT53PF.jpg,Unknown,Unknown,Unknown,Unknown,Unknown,seatbelt
CSBK7PYJZTC4.jpg,Unknown,Unknown,Unknown,Unknown,Unknown,seatbelt
OZOMJ9WGZUVX.jpg,Unknown,Unknown,Unknown,Unknown,Unknown,seatbelt
NAB3WMDHXLLB.jpg,Unknown,Unknown,Unknown,Unknown,Unknown,seatbelt
86F0AQT3Y5QL.jpg,Unknown,Unknown,Unknown,Unknown,Unknown,seatbelt
7AI6JUDQACWN.jpg,Unknown,Unknown,Unknown,Unknown,Unknown,seatbelt
13F8LP9N3XUA.jpg,Unknown,Unknown,Unknown,Unknown,Unknown,seatbelt
CS1O5SB1P87Z.jpg,Unknown,Unknown,Unknown,Unknown,Unknown,seatbelt
EGODPQMSBPKP.jpg,Unknown,Unknown,Unknown,Unknown,Unknown,seatbelt
LRU5CFDFFGUD.jpg,Unknown,Unknown,Unknown,Unknown,Unknown,seatbelt
05GUCWRZEEQ7.jpg,Unknown,Unknown,Unknown,Unknown,Unknown,seatbelt
Y42SY0EBOAOI.jpg,Unknown,Unknown,Unknown,Unknown,Unknown,seatbelt
4F071QLH1XIF.jpg,Unknown,Unknown,Unknown,Unknown,Unknown,seatbelt
ZBUVO0BYFCCV.jpg,Unknown,Unknown,Unknown,Unknown,Unknown,seatbelt
3OQKII760PJ8.jpg,Unknown,Unknown,Unknown,Unknown,Unknown,seatbelt
BFSHKUX71S7D.jpg,Unknown,Unknown,Unknown,Unknown,Unknown,seatbelt
7CFDNNM8SQHE.jpg,Unknown,Unknown,Unknown,Unknown,Unknown,seatbelt
CC8F2UPHMTXF.jpg,Unknown,Unknown,Unknown,Unknown,Unknown,seatbelt
Q34PCYP88DVD.jpg,Unknown,Unknown,Unknown,Unknown,Unknown,seatbelt
9G9C5QARNYU1.jpg,Unknown,Unknown,Unknown,Unknown,Unknown,seatbelt
732MHDR0Q8X7.jpg,Unknown,Unknown,Unknown,Unknown,Unknown,seatbelt
7SR22CRUA6ZE.jpg,Unknown,Unknown,Unknown,Unknown,Unknown,seatbelt
1OQ4026LAXXV.jpg,Unknown,Unknown,Unknown,Unknown,Unknown,seatbelt
OOJB13ISPDK7.jpg,Unknown,Unknown,Unknown,Unknown,Unknown,seatbelt
12G2JY0D88AF.jpg,Unknown,Unknown,Unknown,Unknown,Unknown,seatbelt
JKMF8WGTXPFD.jpg,Unknown,Unknown,Unknown,Unknown,Unknown,seatbelt
45Q7RMZPTW5L.jpg,Unknown,Unknown,Unknown,Unknown,Unknown,seatbelt
NU6GDT05N1QT.jpg,Unknown,Unknown,Unknown,Unknown,Unknown,seatbelt
Q55ONSDJK1C5.jpg,Unknown,Unknown,Unknown,Unknown,Unknown,seatbelt
0MXAHJGF4WKA.jpg,Unknown,Unknown,Unknown,Unknown,Unknown,seatbelt
0UMWZ5JQN96F.jpg,Unknown,Unknown,Unknown,Unknown,Unknown,seatbelt
119E1NCWYY2Z.jpg,Unknown,Unknown,Unknown,Unknown,Unknown,seatbelt
17TGOIYHZXZL.jpg,Unknown,Unknown,Unknown,Unknown,Unknown,seatbelt
1XR5NWG3BUA1.jpg,Unknown,Unknown,Unknown,Unknown,Unknown,seatbelt
247ENSKW95BI.jpg,Unknown,Unknown,Unknown,Unknown,Unknown,seatbelt
2QWFSHFHKEDI.jpg,Unknown,Unknown,Unknown,Unknown,Unknown,seatbelt
2XRXAHU9WI74.jpg,Unknown,Unknown,Unknown,Unknown,Unknown,seatbelt
349HBDRZO7ZH.jpg,Unknown,Unknown,Unknown,Unknown,Unknown,seatbelt
37FECQ3W9CM0.jpg,Unknown,Unknown,Unknown,Unknown,Unknown,seatbelt
3EKD1P9N93H5.jpg,Unknown,Unknown,Unknown,Unknown,Unknown,seatbelt
3G1NDWZBNJR2.jpg,Unknown,Unknown,Unknown,Unknown,Unknown,seatbelt
3I5NGZ4LK1VG.jpg,Unknown,Unknown,Unknown,Unknown,Unknown,seatbelt
3XZRECL4PIN9.jpg,Unknown,Unknown,Unknown,Unknown,Unknown,seatbelt
4SDZAY17DRNJ.jpg,Unknown,Unknown,Unknown,Unknown,Unknown,seatbelt
50F7PHYADJCF.jpg,Unknown,Unknown,Unknown,Unknown,Unknown,seatbelt
50GT2BDJL5R4.jpg,Unknown,Unknown,Unknown,Unknown,Unknown,seatbelt
5287L6OOXOZE.jpg,Unknown,Unknown,Unknown,Unknown,Unknown,seatbelt
569M08QTD740.jpg,Unknown,Unknown,Unknown,Unknown,Unknown,seatbelt
5XEFFVTZAVOR.jpg,Unknown,Unknown,Unknown,Unknown,Unknown,seatbelt
6I4LB1CLQJEA.jpg,Unknown,Unknown,Unknown,Unknown,Unknown,seatbelt
7PK66WL7NCSJ.jpg,Unknown,Unknown,Unknown,Unknown,Unknown,seatbelt
7ZK6KKMOYXWQ.jpg,Unknown,Unknown,Unknown,Unknown,Unknown,seatbelt
7ZWWLCW1DKD4.jpg,Unknown,Unknown,Unknown,Unknown,Unknown,seatbelt
81FO3SWSA721.jpg,Unknown,Unknown,Unknown,Unknown,Unknown,seatbelt
8N6W0VNDTXQC.jpg,Unknown,Unknown,Unknown,Unknown,Unknown,seatbelt
8NY9RI6XHB9Q.jpg,Unknown,Unknown,Unknown,Unknown,Unknown,seatbelt
8QRCJZX8UGAM.jpg,Unknown,Unknown,Unknown,Unknown,Unknown,seatbelt
8RZ3863NY3Q1.jpg,Unknown,Unknown,Unknown,Unknown,Unknown,seatbelt
8U9ILTGZUZVR.jpg,Unknown,Unknown,Unknown,Unknown,Unknown,seatbelt
99ACJGRPLCBV.jpg,Unknown,Unknown,Unknown,Unknown,Unknown,seatbelt
9HAEAO6J6B18.jpg,Unknown,Unknown,Unknown,Unknown,Unknown,seatbelt
9HZ6YP2Q038C.jpg,Unknown,Unknown,Unknown,Unknown,Unknown,seatbelt
ADZHYE6MCGLI.jpg,Unknown,Unknown,Unknown,Unknown,Unknown,seatbelt
AXHTBH9XH5H8.jpg,Unknown,Unknown,Unknown,Unknown,Unknown,seatbelt
AXY6TTLZTKH9.jpg,Unknown,Unknown,Unknown,Unknown,Unknown,seatbelt
B1MUZW9DK9KW.jpg,Unknown,Unknown,Unknown,Unknown,Unknown,seatbelt
B1SN3485HHW1.jpg,Unknown,Unknown,Unknown,Unknown,Unknown,seatbelt
BQZNR0NTZNJU.jpg,Unknown,Unknown,Unknown,Unknown,Unknown,seatbelt
BSV0WLDGZ0RT.jpg,Unknown,Unknown,Unknown,Unknown,Unknown,seatbelt
BSX99GUPTZYV.jpg,Unknown,Unknown,Unknown,Unknown,Unknown,seatbelt
BU3K904LT4C1.jpg,Unknown,Unknown,Unknown,Unknown,Unknown,seatbelt
BY39J73XR9XF.jpg,Unknown,Unknown,Unknown,Unknown,Unknown,seatbelt
C5OFD9OX3A16.jpg,Unknown,Unknown,Unknown,Unknown,Unknown,seatbelt
C9X2HWR1HM1P.jpg,Unknown,Unknown,Unknown,Unknown,Unknown,seatbelt
CR4PQP2WTR89.jpg,Unknown,Unknown,Unknown,Unknown,Unknown,seatbelt
CX1IGJVVETEI.jpg,Unknown,Unknown,Unknown,Unknown,Unknown,seatbelt
CYTCJ2DVLZNB.jpg,Unknown,Unknown,Unknown,Unknown,Unknown,seatbelt
D1PACYZNVTAG.jpg,Unknown,Unknown,Unknown,Unknown,Unknown,seatbelt
DGUK38MFZLKM.jpg,Unknown,Unknown,Unknown,Unknown,Unknown,seatbelt
DQY7H8FNVI0B.jpg,Unknown,Unknown,Unknown,Unknown,Unknown,seatbelt
E09F8OBOUCG8.jpg,Unknown,Unknown,Unknown,Unknown,Unknown,seatbelt
ENI8ODBBG9SU.jpg,Unknown,Unknown,Unknown,Unknown,Unknown,seatbelt
G4XRW6RN142G.jpg,Unknown,Unknown,Unknown,Unknown,Unknown,seatbelt
G5RY8KNROT2J.jpg,Unknown,Unknown,Unknown,Unknown,Unknown,seatbelt
G94Y5N1NBSXD.jpg,Unknown,Unknown,Unknown,Unknown,Unknown,seatbelt
GCGFJUIB5IZ1.jpg,Unknown,Unknown,Unknown,Unknown,Unknown,seatbelt
GOHBPCPE0NHF.jpg,Unknown,Unknown,Unknown,Unknown,Unknown,seatbelt
H3SX43PD1RAI.jpg,Unknown,Unknown,Unknown,Unknown,Unknown,seatbelt
HES5SWYH87SY.jpg,Unknown,Unknown,Unknown,Unknown,Unknown,seatbelt
ID5VOCJIWM87.jpg,Unknown,Unknown,Unknown,Unknown,Unknown,seatbelt
IDQO96W8TSEN.jpg,Unknown,Unknown,Unknown,Unknown,Unknown,seatbelt
IOMN1AGJQYNM.jpg,Unknown,Unknown,Unknown,Unknown,Unknown,seatbelt
IXQ8DWVKRXEO.jpg,Unknown,Unknown,Unknown,Unknown,Unknown,seatbelt
J9O04J5A1LTN.jpg,Unknown,Unknown,Unknown,Unknown,Unknown,seatbelt
JIC3XFE54LFC.jpg,Unknown,Unknown,Unknown,Unknown,Unknown,seatbelt
JJZGVKCRFP96.jpg,Unknown,Unknown,Unknown,Unknown,Unknown,seatbelt
JOVLCEUD7AH6.jpg,Unknown,Unknown,Unknown,Unknown,Unknown,seatbelt
JWDPBCC17Y36.jpg,Unknown,Unknown,Unknown,Unknown,Unknown,seatbelt
K69NP6QMYUNK.jpg,Unknown,Unknown,Unknown,Unknown,Unknown,seatbelt
KGKQQ1DUJO9R.jpg,Unknown,Unknown,Unknown,Unknown,Unknown,seatbelt
L0AMEO1ATKRM.jpg,Unknown,Unknown,Unknown,Unknown,Unknown,seatbelt
L18T7BZ7U9BM.jpg,Unknown,Unknown,Unknown,Unknown,Unknown,seatbelt
L76ID0JFKTMI.jpg,Unknown,Unknown,Unknown,Unknown,Unknown,seatbelt
LEM8EHD2JCCA.jpg,Unknown,Unknown,Unknown,Unknown,Unknown,seatbelt
LP87MX4MWAQB.jpg,Unknown,Unknown,Unknown,Unknown,Unknown,seatbelt
LQWMNORFNGSK.jpg,Unknown,Unknown,Unknown,Unknown,Unknown,seatbelt
LSUO1JR6B9K4.jpg,Unknown,Unknown,Unknown,Unknown,Unknown,seatbelt
LYDBXWXW2TET.jpg,Unknown,Unknown,Unknown,Unknown,Unknown,seatbelt
LYTE5RZZ2IW8.jpg,Unknown,Unknown,Unknown,Unknown,Unknown,seatbelt
M20B40XD6OYI.jpg,Unknown,Unknown,Unknown,Unknown,Unknown,seatbelt
M6T4MK8DRZK3.jpg,Unknown,Unknown,Unknown,Unknown,Unknown,seatbelt
MG5ONX7OBLM7.jpg,Unknown,Unknown,Unknown,Unknown,Unknown,seatbelt
MKP66GITVA6R.jpg,Unknown,Unknown,Unknown,Unknown,Unknown,seatbelt
MOAIYYAHTYG3.jpg,Unknown,Unknown,Unknown,Unknown,Unknown,seatbelt
N9KM3OLO3M89.jpg,Unknown,Unknown,Unknown,Unknown,Unknown,seatbelt
O2M3G3V44INS.jpg,Unknown,Unknown,Unknown,Unknown,Unknown,seatbelt
O78JN8ZSM62Y.jpg,Unknown,Unknown,Unknown,Unknown,Unknown,seatbelt
OA8HFLTI6UP4.jpg,Unknown,Unknown,Unknown,Unknown,Unknown,seatbelt
OAQTJK36CQY3.jpg,Unknown,Unknown,Unknown,Unknown,Unknown,seatbelt
OFHNLVTC899N.jpg,Unknown,Unknown,Unknown,Unknown,Unknown,seatbelt
OMOJBVTU5CZS.jpg,Unknown,Unknown,Unknown,Unknown,Unknown,seatbelt
OWWBUZOBPNP7.jpg,Unknown,Unknown,Unknown,Unknown,Unknown,seatbelt
P46MDF41LFT2.jpg,Unknown,Unknown,Unknown,Unknown,Unknown,seatbelt
PCKOXBNCOV8V.jpg,Unknown,Unknown,Unknown,Unknown,Unknown,seatbelt
PD6GMZZYBKS0.jpg,Unknown,Unknown,Unknown,Unknown,Unknown,seatbelt
PHT06U5CS0SV.jpg,Unknown,Unknown,Unknown,Unknown,Unknown,seatbelt
PLZUQL1JJD6P.jpg,Unknown,Unknown,Unknown,Unknown,Unknown,seatbelt
POTV6FNLPXMI.jpg,Unknown,Unknown,Unknown,Unknown,Unknown,seatbelt
PYDAYBESXXHT.jpg,Unknown,Unknown,Unknown,Unknown,Unknown,seatbelt
Q2QWZU75LDFJ.jpg,Unknown,Unknown,Unknown,Unknown,Unknown,seatbelt
Q8DHUAGFS33U.jpg,Unknown,Unknown,Unknown,Unknown,Unknown,seatbelt
QJONWHLG6ARH.jpg,Unknown,Unknown,Unknown,Unknown,Unknown,seatbelt
QYQQMZLXQIJP.jpg,Unknown,Unknown,Unknown,Unknown,Unknown,seatbelt
R1EPWANJQR2L.jpg,Unknown,Unknown,Unknown,Unknown,Unknown,seatbelt
R686XQ669FZA.jpg,Unknown,Unknown,Unknown,Unknown,Unknown,seatbelt
RF4TJQI2WNDK.jpg,Unknown,Unknown,Unknown,Unknown,Unknown,seatbelt
RLVXTZWH34FZ.jpg,Unknown,Unknown,Unknown,Unknown,Unknown,seatbelt
RPKZBY55VVJW.jpg,Unknown,Unknown,Unknown,Unknown,Unknown,seatbelt
S1HAXSY4ZKBN.jpg,Unknown,Unknown,Unknown,Unknown,Unknown,seatbelt
S2XDGMFF610R.jpg,Unknown,Unknown,Unknown,Unknown,Unknown,seatbelt
SFQJ2J67WBDU.jpg,Unknown,Unknown,Unknown,Unknown,Unknown,seatbelt
SNU1RQL480TK.jpg,Unknown,Unknown,Unknown,Unknown,Unknown,seatbelt
SPXJLX1YKZBL.jpg,Unknown,Unknown,Unknown,Unknown,Unknown,seatbelt
SXTDIJ1U5WBT.jpg,Unknown,Unknown,Unknown,Unknown,Unknown,seatbelt
TC11JAS25UE9.jpg,Unknown,Unknown,Unknown,Unknown,Unknown,seatbelt
TC7G8ODEBNKH.jpg,Unknown,Unknown,Unknown,Unknown,Unknown,seatbelt
TGRL8VLQ4X1L.jpg,Unknown,Unknown,Unknown,Unknown,Unknown,seatbelt
TYB6XDZ0064U.jpg,Unknown,Unknown,Unknown,Unknown,Unknown,seatbelt
U8E3F4SQBPTL.jpg,Unknown,Unknown,Unknown,Unknown,Unknown,seatbelt
VK917M99BJLE.jpg,Unknown,Unknown,Unknown,Unknown,Unknown,seatbelt
VRW7OJLGSGGH.jpg,Unknown,Unknown,Unknown,Unknown,Unknown,seatbelt
W1EGAHOWRVTD.jpg,Unknown,Unknown,Unknown,Unknown,Unknown,seatbelt
WDH4G3F70BU9.jpg,Unknown,Unknown,Unknown,Unknown,Unknown,seatbelt
WJYS954ANOWB.jpg,Unknown,Unknown,Unknown,Unknown,Unknown,seatbelt
WQYGFZ1PRO6E.jpg,Unknown,Unknown,Unknown,Unknown,Unknown,seatbelt
WYG4I1D1MWH8.jpg,Unknown,Unknown,Unknown,Unknown,Unknown,seatbelt
X5JOQXOHT950.jpg,Unknown,Unknown,Unknown,Unknown,Unknown,seatbelt
X7E5TZ2KT13N.jpg,Unknown,Unknown,Unknown,Unknown,Unknown,seatbelt
XIWXNWBACWEQ.jpg,Unknown,Unknown,Unknown,Unknown,Unknown,seatbelt
XLFM5F5J6B0R.jpg,Unknown,Unknown,Unknown,Unknown,Unknown,seatbelt
XM9VTA93ODXU.jpg,Unknown,Unknown,Unknown,Unknown,Unknown,seatbelt
XX9SNB48JD6H.jpg,Unknown,Unknown,Unknown,Unknown,Unknown,seatbelt
Y1ISHYAYMCHY.jpg,Unknown,Unknown,Unknown,Unknown,Unknown,seatbelt
Y3FSZVQ4Q06S.jpg,Unknown,Unknown,Unknown,Unknown,Unknown,seatbelt
YYS2DNDSQMDT.jpg,Unknown,Unknown,Unknown,Unknown,Unknown,seatbelt
ZFX260I4YPZO.jpg,Unknown,Unknown,Unknown,Unknown,Unknown,seatbelt
ZMZF9C7XA3M5.jpg,Unknown,Unknown,Unknown,Unknown,Unknown,seatbelt
